infer_style,model,checkpoint,score
gen,ine-eng,100000,62.3
gen,ine-eng,10000,25.6
gen,ine-eng,1000,5.1
gen,ine-eng,101000,62.3
gen,ine-eng,102000,62.3
gen,ine-eng,103000,62.4
gen,ine-eng,104000,62.4
gen,ine-eng,105000,62.5
gen,ine-eng,106000,62.5
gen,ine-eng,107000,62.6
gen,ine-eng,108000,62.6
gen,ine-eng,109000,62.6
gen,ine-eng,110000,62.7
gen,ine-eng,11000,29.5
gen,ine-eng,111000,62.6
gen,ine-eng,112000,62.7
gen,ine-eng,113000,62.7
gen,ine-eng,114000,62.7
gen,ine-eng,115000,62.7
gen,ine-eng,116000,62.8
gen,ine-eng,117000,62.8
gen,ine-eng,118000,62.8
gen,ine-eng,119000,62.8
gen,ine-eng,120000,62.9
gen,ine-eng,12000,32.5
gen,ine-eng,121000,62.9
gen,ine-eng,122000,62.9
gen,ine-eng,123000,62.9
gen,ine-eng,124000,62.9
gen,ine-eng,125000,62.9
gen,ine-eng,126000,63.0
gen,ine-eng,127000,63.0
gen,ine-eng,128000,63.0
gen,ine-eng,129000,63.0
gen,ine-eng,130000,63.0
gen,ine-eng,13000,35.5
gen,ine-eng,131000,63.0
gen,ine-eng,132000,63.0
gen,ine-eng,133000,63.1
gen,ine-eng,134000,63.1
gen,ine-eng,135000,63.1
gen,ine-eng,136000,63.2
gen,ine-eng,137000,63.2
gen,ine-eng,138000,63.2
gen,ine-eng,139000,63.2
gen,ine-eng,140000,63.2
gen,ine-eng,14000,38.3
gen,ine-eng,141000,63.3
gen,ine-eng,142000,63.3
gen,ine-eng,143000,63.3
gen,ine-eng,144000,63.4
gen,ine-eng,145000,63.4
gen,ine-eng,146000,63.4
gen,ine-eng,147000,63.4
gen,ine-eng,148000,63.4
gen,ine-eng,149000,63.4
gen,ine-eng,150000,63.4
gen,ine-eng,15000,40.7
gen,ine-eng,151000,63.4
gen,ine-eng,152000,63.4
gen,ine-eng,153000,63.4
gen,ine-eng,154000,63.5
gen,ine-eng,155000,63.5
gen,ine-eng,156000,63.5
gen,ine-eng,157000,63.6
gen,ine-eng,158000,63.5
gen,ine-eng,159000,63.5
gen,ine-eng,160000,63.6
gen,ine-eng,16000,42.4
gen,ine-eng,161000,63.6
gen,ine-eng,162000,63.6
gen,ine-eng,163000,63.6
gen,ine-eng,164000,63.6
gen,ine-eng,165000,63.6
gen,ine-eng,166000,63.6
gen,ine-eng,167000,63.6
gen,ine-eng,168000,63.6
gen,ine-eng,169000,63.7
gen,ine-eng,170000,63.6
gen,ine-eng,17000,44.1
gen,ine-eng,171000,63.6
gen,ine-eng,172000,63.7
gen,ine-eng,173000,63.7
gen,ine-eng,174000,63.7
gen,ine-eng,175000,63.7
gen,ine-eng,176000,63.7
gen,ine-eng,177000,63.7
gen,ine-eng,178000,63.7
gen,ine-eng,179000,63.8
gen,ine-eng,180000,63.8
gen,ine-eng,18000,45.5
gen,ine-eng,181000,63.7
gen,ine-eng,182000,63.7
gen,ine-eng,183000,63.8
gen,ine-eng,184000,63.8
gen,ine-eng,185000,63.8
gen,ine-eng,186000,63.8
gen,ine-eng,187000,63.8
gen,ine-eng,188000,63.9
gen,ine-eng,189000,63.9
gen,ine-eng,190000,63.9
gen,ine-eng,19000,46.8
gen,ine-eng,191000,63.9
gen,ine-eng,192000,63.9
gen,ine-eng,193000,63.9
gen,ine-eng,194000,64.0
gen,ine-eng,195000,64.0
gen,ine-eng,196000,64.0
gen,ine-eng,197000,64.0
gen,ine-eng,198000,64.0
gen,ine-eng,199000,64.0
gen,ine-eng,200000,64.0
gen,ine-eng,20000,47.9
gen,ine-eng,2000,5.6
gen,ine-eng,201000,64.0
gen,ine-eng,202000,64.1
gen,ine-eng,203000,64.0
gen,ine-eng,204000,64.0
gen,ine-eng,205000,64.1
gen,ine-eng,206000,64.1
gen,ine-eng,207000,64.1
gen,ine-eng,208000,64.1
gen,ine-eng,209000,64.1
gen,ine-eng,210000,64.1
gen,ine-eng,21000,49.0
gen,ine-eng,211000,64.1
gen,ine-eng,212000,64.1
gen,ine-eng,213000,64.1
gen,ine-eng,214000,64.0
gen,ine-eng,215000,64.0
gen,ine-eng,216000,64.0
gen,ine-eng,217000,64.1
gen,ine-eng,218000,64.1
gen,ine-eng,219000,64.1
gen,ine-eng,220000,64.2
gen,ine-eng,22000,49.8
gen,ine-eng,221000,64.1
gen,ine-eng,222000,64.1
gen,ine-eng,223000,64.1
gen,ine-eng,224000,64.1
gen,ine-eng,225000,64.1
gen,ine-eng,226000,64.1
gen,ine-eng,227000,64.1
gen,ine-eng,228000,64.1
gen,ine-eng,229000,64.2
gen,ine-eng,230000,64.1
gen,ine-eng,23000,50.4
gen,ine-eng,231000,64.1
gen,ine-eng,232000,64.1
gen,ine-eng,233000,64.1
gen,ine-eng,234000,64.2
gen,ine-eng,235000,64.2
gen,ine-eng,236000,64.2
gen,ine-eng,237000,64.2
gen,ine-eng,238000,64.2
gen,ine-eng,239000,64.2
gen,ine-eng,240000,64.3
gen,ine-eng,24000,51.1
gen,ine-eng,241000,64.3
gen,ine-eng,242000,64.3
gen,ine-eng,243000,64.3
gen,ine-eng,244000,64.3
gen,ine-eng,245000,64.4
gen,ine-eng,246000,64.4
gen,ine-eng,247000,64.4
gen,ine-eng,248000,64.5
gen,ine-eng,249000,64.5
gen,ine-eng,250000,64.5
gen,ine-eng,25000,51.6
gen,ine-eng,251000,64.5
gen,ine-eng,252000,64.5
gen,ine-eng,253000,64.5
gen,ine-eng,254000,64.5
gen,ine-eng,255000,64.6
gen,ine-eng,256000,64.6
gen,ine-eng,257000,64.6
gen,ine-eng,258000,64.6
gen,ine-eng,259000,64.6
gen,ine-eng,260000,64.6
gen,ine-eng,26000,52.3
gen,ine-eng,261000,64.5
gen,ine-eng,262000,64.5
gen,ine-eng,263000,64.6
gen,ine-eng,264000,64.5
gen,ine-eng,265000,64.5
gen,ine-eng,266000,64.5
gen,ine-eng,267000,64.5
gen,ine-eng,268000,64.5
gen,ine-eng,269000,64.6
gen,ine-eng,270000,64.5
gen,ine-eng,27000,53.0
gen,ine-eng,271000,64.5
gen,ine-eng,272000,64.5
gen,ine-eng,273000,64.5
gen,ine-eng,274000,64.5
gen,ine-eng,275000,64.6
gen,ine-eng,276000,64.5
gen,ine-eng,277000,64.5
gen,ine-eng,278000,64.5
gen,ine-eng,279000,64.5
gen,ine-eng,280000,64.5
gen,ine-eng,28000,53.6
gen,ine-eng,281000,64.6
gen,ine-eng,282000,64.6
gen,ine-eng,283000,64.6
gen,ine-eng,284000,64.6
gen,ine-eng,285000,64.6
gen,ine-eng,286000,64.6
gen,ine-eng,287000,64.6
gen,ine-eng,288000,64.6
gen,ine-eng,289000,64.6
gen,ine-eng,290000,64.6
gen,ine-eng,29000,54.2
gen,ine-eng,291000,64.6
gen,ine-eng,292000,64.6
gen,ine-eng,293000,64.6
gen,ine-eng,294000,64.6
gen,ine-eng,295000,64.5
gen,ine-eng,296000,64.5
gen,ine-eng,297000,64.5
gen,ine-eng,298000,64.5
gen,ine-eng,299000,64.5
gen,ine-eng,300000,64.4
gen,ine-eng,30000,54.6
gen,ine-eng,3000,10.3
gen,ine-eng,301000,64.5
gen,ine-eng,302000,64.5
gen,ine-eng,303000,64.5
gen,ine-eng,304000,64.5
gen,ine-eng,305000,64.5
gen,ine-eng,306000,64.5
gen,ine-eng,307000,64.5
gen,ine-eng,308000,64.6
gen,ine-eng,309000,64.5
gen,ine-eng,310000,64.5
gen,ine-eng,31000,55.2
gen,ine-eng,311000,64.5
gen,ine-eng,312000,64.4
gen,ine-eng,313000,64.5
gen,ine-eng,314000,64.5
gen,ine-eng,315000,64.5
gen,ine-eng,316000,64.5
gen,ine-eng,317000,64.6
gen,ine-eng,318000,64.6
gen,ine-eng,319000,64.7
gen,ine-eng,320000,64.7
gen,ine-eng,32000,55.7
gen,ine-eng,321000,64.7
gen,ine-eng,322000,64.7
gen,ine-eng,323000,64.7
gen,ine-eng,324000,64.7
gen,ine-eng,325000,64.7
gen,ine-eng,326000,64.7
gen,ine-eng,327000,64.8
gen,ine-eng,328000,64.8
gen,ine-eng,329000,64.8
gen,ine-eng,330000,64.8
gen,ine-eng,33000,56.1
gen,ine-eng,331000,64.8
gen,ine-eng,332000,64.8
gen,ine-eng,333000,64.8
gen,ine-eng,334000,64.8
gen,ine-eng,335000,64.8
gen,ine-eng,336000,64.8
gen,ine-eng,337000,64.8
gen,ine-eng,338000,64.8
gen,ine-eng,339000,64.7
gen,ine-eng,340000,64.7
gen,ine-eng,34000,56.4
gen,ine-eng,341000,64.7
gen,ine-eng,342000,64.7
gen,ine-eng,343000,64.6
gen,ine-eng,344000,64.6
gen,ine-eng,345000,64.6
gen,ine-eng,346000,64.6
gen,ine-eng,347000,64.6
gen,ine-eng,348000,64.6
gen,ine-eng,349000,64.6
gen,ine-eng,350000,64.6
gen,ine-eng,35000,56.6
gen,ine-eng,351000,64.6
gen,ine-eng,352000,64.6
gen,ine-eng,353000,64.6
gen,ine-eng,354000,64.6
gen,ine-eng,355000,64.6
gen,ine-eng,356000,64.6
gen,ine-eng,357000,64.6
gen,ine-eng,358000,64.6
gen,ine-eng,359000,64.6
gen,ine-eng,360000,64.6
gen,ine-eng,36000,57.0
gen,ine-eng,361000,64.6
gen,ine-eng,362000,64.7
gen,ine-eng,363000,64.7
gen,ine-eng,364000,64.7
gen,ine-eng,365000,64.7
gen,ine-eng,366000,64.7
gen,ine-eng,367000,64.7
gen,ine-eng,368000,64.6
gen,ine-eng,369000,64.6
gen,ine-eng,370000,64.6
gen,ine-eng,37000,57.3
gen,ine-eng,371000,64.7
gen,ine-eng,372000,64.7
gen,ine-eng,373000,64.7
gen,ine-eng,374000,64.7
gen,ine-eng,375000,64.7
gen,ine-eng,376000,64.7
gen,ine-eng,377000,64.7
gen,ine-eng,378000,64.7
gen,ine-eng,379000,64.7
gen,ine-eng,380000,64.7
gen,ine-eng,38000,57.4
gen,ine-eng,381000,64.7
gen,ine-eng,382000,64.7
gen,ine-eng,383000,64.7
gen,ine-eng,384000,64.7
gen,ine-eng,385000,64.7
gen,ine-eng,386000,64.8
gen,ine-eng,387000,64.8
gen,ine-eng,388000,64.8
gen,ine-eng,389000,64.8
gen,ine-eng,390000,64.8
gen,ine-eng,39000,57.7
gen,ine-eng,391000,64.8
gen,ine-eng,392000,64.9
gen,ine-eng,393000,64.9
gen,ine-eng,394000,64.9
gen,ine-eng,395000,64.9
gen,ine-eng,396000,64.9
gen,ine-eng,397000,65.0
gen,ine-eng,398000,65.0
gen,ine-eng,399000,65.0
gen,ine-eng,400000,65.0
gen,ine-eng,40000,57.9
gen,ine-eng,4000,11.3
gen,ine-eng,401000,65.0
gen,ine-eng,402000,65.0
gen,ine-eng,403000,65.0
gen,ine-eng,404000,65.0
gen,ine-eng,405000,65.0
gen,ine-eng,406000,65.0
gen,ine-eng,407000,65.0
gen,ine-eng,408000,65.1
gen,ine-eng,409000,65.1
gen,ine-eng,410000,65.1
gen,ine-eng,41000,58.1
gen,ine-eng,411000,65.1
gen,ine-eng,412000,65.0
gen,ine-eng,413000,65.0
gen,ine-eng,414000,65.0
gen,ine-eng,415000,65.0
gen,ine-eng,416000,65.0
gen,ine-eng,417000,64.9
gen,ine-eng,418000,64.9
gen,ine-eng,419000,64.9
gen,ine-eng,420000,64.9
gen,ine-eng,42000,58.2
gen,ine-eng,421000,64.9
gen,ine-eng,422000,64.9
gen,ine-eng,423000,64.9
gen,ine-eng,424000,64.9
gen,ine-eng,425000,64.9
gen,ine-eng,426000,64.9
gen,ine-eng,427000,65.0
gen,ine-eng,428000,65.0
gen,ine-eng,429000,65.0
gen,ine-eng,430000,65.0
gen,ine-eng,43000,58.4
gen,ine-eng,431000,65.0
gen,ine-eng,432000,65.0
gen,ine-eng,433000,65.0
gen,ine-eng,434000,65.0
gen,ine-eng,435000,65.0
gen,ine-eng,436000,65.0
gen,ine-eng,437000,65.0
gen,ine-eng,438000,64.9
gen,ine-eng,439000,64.9
gen,ine-eng,440000,65.0
gen,ine-eng,44000,58.6
gen,ine-eng,441000,65.0
gen,ine-eng,442000,65.0
gen,ine-eng,443000,65.0
gen,ine-eng,444000,65.0
gen,ine-eng,445000,65.0
gen,ine-eng,446000,65.0
gen,ine-eng,447000,65.0
gen,ine-eng,448000,65.0
gen,ine-eng,449000,65.0
gen,ine-eng,450000,65.0
gen,ine-eng,45000,58.7
gen,ine-eng,451000,64.9
gen,ine-eng,452000,64.9
gen,ine-eng,453000,64.9
gen,ine-eng,454000,64.9
gen,ine-eng,455000,64.9
gen,ine-eng,456000,64.9
gen,ine-eng,457000,64.9
gen,ine-eng,458000,64.9
gen,ine-eng,459000,64.9
gen,ine-eng,460000,64.9
gen,ine-eng,46000,58.9
gen,ine-eng,461000,64.9
gen,ine-eng,462000,64.9
gen,ine-eng,463000,64.9
gen,ine-eng,464000,64.9
gen,ine-eng,465000,65.0
gen,ine-eng,466000,64.9
gen,ine-eng,467000,64.9
gen,ine-eng,468000,64.9
gen,ine-eng,469000,64.9
gen,ine-eng,470000,65.0
gen,ine-eng,47000,59.0
gen,ine-eng,471000,65.0
gen,ine-eng,472000,64.9
gen,ine-eng,473000,64.9
gen,ine-eng,474000,64.9
gen,ine-eng,475000,64.9
gen,ine-eng,476000,64.9
gen,ine-eng,477000,64.9
gen,ine-eng,478000,64.9
gen,ine-eng,479000,64.9
gen,ine-eng,480000,64.9
gen,ine-eng,48000,59.2
gen,ine-eng,481000,65.0
gen,ine-eng,482000,65.0
gen,ine-eng,483000,65.0
gen,ine-eng,484000,65.0
gen,ine-eng,485000,65.0
gen,ine-eng,486000,65.0
gen,ine-eng,487000,65.0
gen,ine-eng,488000,65.0
gen,ine-eng,489000,65.0
gen,ine-eng,490000,65.0
gen,ine-eng,49000,59.3
gen,ine-eng,491000,65.1
gen,ine-eng,492000,65.1
gen,ine-eng,493000,65.1
gen,ine-eng,494000,65.1
gen,ine-eng,495000,65.1
gen,ine-eng,496000,65.1
gen,ine-eng,497000,65.1
gen,ine-eng,498000,65.1
gen,ine-eng,499000,65.1
gen,ine-eng,500000,65.2
gen,ine-eng,50000,59.5
gen,ine-eng,5000,11.8
gen,ine-eng,501000,65.2
gen,ine-eng,502000,65.2
gen,ine-eng,503000,65.2
gen,ine-eng,504000,65.2
gen,ine-eng,505000,65.2
gen,ine-eng,506000,65.3
gen,ine-eng,507000,65.3
gen,ine-eng,508000,65.3
gen,ine-eng,509000,65.3
gen,ine-eng,510000,65.3
gen,ine-eng,51000,59.6
gen,ine-eng,511000,65.3
gen,ine-eng,512000,65.3
gen,ine-eng,513000,65.4
gen,ine-eng,514000,65.3
gen,ine-eng,515000,65.3
gen,ine-eng,516000,65.3
gen,ine-eng,517000,65.3
gen,ine-eng,518000,65.3
gen,ine-eng,519000,65.3
gen,ine-eng,520000,65.3
gen,ine-eng,52000,59.6
gen,ine-eng,521000,65.3
gen,ine-eng,522000,65.3
gen,ine-eng,523000,65.3
gen,ine-eng,524000,65.2
gen,ine-eng,525000,65.3
gen,ine-eng,526000,65.3
gen,ine-eng,527000,65.2
gen,ine-eng,528000,65.2
gen,ine-eng,529000,65.2
gen,ine-eng,530000,65.2
gen,ine-eng,53000,59.7
gen,ine-eng,531000,65.2
gen,ine-eng,532000,65.2
gen,ine-eng,533000,65.2
gen,ine-eng,534000,65.2
gen,ine-eng,535000,65.2
gen,ine-eng,536000,65.2
gen,ine-eng,537000,65.2
gen,ine-eng,538000,65.2
gen,ine-eng,539000,65.2
gen,ine-eng,540000,65.2
gen,ine-eng,54000,59.9
gen,ine-eng,541000,65.3
gen,ine-eng,542000,65.3
gen,ine-eng,543000,65.3
gen,ine-eng,544000,65.3
gen,ine-eng,545000,65.3
gen,ine-eng,546000,65.3
gen,ine-eng,547000,65.3
gen,ine-eng,548000,65.3
gen,ine-eng,549000,65.3
gen,ine-eng,550000,65.3
gen,ine-eng,55000,60.0
gen,ine-eng,551000,65.3
gen,ine-eng,552000,65.3
gen,ine-eng,553000,65.3
gen,ine-eng,554000,65.3
gen,ine-eng,555000,65.3
gen,ine-eng,556000,65.3
gen,ine-eng,557000,65.3
gen,ine-eng,558000,65.3
gen,ine-eng,559000,65.3
gen,ine-eng,560000,65.3
gen,ine-eng,56000,60.1
gen,ine-eng,561000,65.3
gen,ine-eng,562000,65.4
gen,ine-eng,563000,65.3
gen,ine-eng,564000,65.3
gen,ine-eng,565000,65.3
gen,ine-eng,566000,65.4
gen,ine-eng,567000,65.4
gen,ine-eng,568000,65.4
gen,ine-eng,569000,65.4
gen,ine-eng,570000,65.4
gen,ine-eng,57000,60.2
gen,ine-eng,571000,65.4
gen,ine-eng,572000,65.5
gen,ine-eng,573000,65.5
gen,ine-eng,574000,65.5
gen,ine-eng,575000,65.4
gen,ine-eng,576000,65.4
gen,ine-eng,577000,65.5
gen,ine-eng,578000,65.5
gen,ine-eng,579000,65.5
gen,ine-eng,580000,65.4
gen,ine-eng,58000,60.3
gen,ine-eng,581000,65.5
gen,ine-eng,582000,65.5
gen,ine-eng,583000,65.5
gen,ine-eng,584000,65.5
gen,ine-eng,585000,65.5
gen,ine-eng,586000,65.6
gen,ine-eng,587000,65.5
gen,ine-eng,588000,65.5
gen,ine-eng,589000,65.5
gen,ine-eng,590000,65.5
gen,ine-eng,59000,60.3
gen,ine-eng,591000,65.5
gen,ine-eng,592000,65.5
gen,ine-eng,593000,65.5
gen,ine-eng,594000,65.5
gen,ine-eng,595000,65.6
gen,ine-eng,596000,65.6
gen,ine-eng,597000,65.6
gen,ine-eng,598000,65.6
gen,ine-eng,599000,65.6
gen,ine-eng,600000,65.6
gen,ine-eng,60000,60.5
gen,ine-eng,6000,13.0
gen,ine-eng,601000,65.5
gen,ine-eng,602000,65.5
gen,ine-eng,603000,65.5
gen,ine-eng,604000,65.5
gen,ine-eng,61000,60.5
gen,ine-eng,62000,60.6
gen,ine-eng,63000,60.6
gen,ine-eng,64000,60.8
gen,ine-eng,65000,60.8
gen,ine-eng,66000,60.8
gen,ine-eng,67000,60.9
gen,ine-eng,68000,61.0
gen,ine-eng,69000,61.0
gen,ine-eng,70000,61.1
gen,ine-eng,7000,14.1
gen,ine-eng,71000,61.1
gen,ine-eng,72000,61.2
gen,ine-eng,73000,61.3
gen,ine-eng,74000,61.3
gen,ine-eng,75000,61.4
gen,ine-eng,76000,61.5
gen,ine-eng,77000,61.5
gen,ine-eng,78000,61.5
gen,ine-eng,79000,61.6
gen,ine-eng,80000,61.6
gen,ine-eng,8000,16.5
gen,ine-eng,81000,61.6
gen,ine-eng,82000,61.7
gen,ine-eng,83000,61.7
gen,ine-eng,84000,61.8
gen,ine-eng,85000,61.8
gen,ine-eng,86000,61.9
gen,ine-eng,87000,61.9
gen,ine-eng,88000,61.9
gen,ine-eng,89000,61.9
gen,ine-eng,90000,62.0
gen,ine-eng,9000,20.7
gen,ine-eng,91000,62.0
gen,ine-eng,92000,62.0
gen,ine-eng,93000,62.0
gen,ine-eng,94000,62.1
gen,ine-eng,95000,62.1
gen,ine-eng,96000,62.1
gen,ine-eng,97000,62.2
gen,ine-eng,98000,62.2
gen,ine-eng,99000,62.2
gen,mul-eng,100000,61.0
gen,mul-eng,10000,19.8
gen,mul-eng,1000,6.0
gen,mul-eng,101000,61.0
gen,mul-eng,102000,61.0
gen,mul-eng,103000,61.0
gen,mul-eng,104000,61.0
gen,mul-eng,105000,61.0
gen,mul-eng,106000,61.0
gen,mul-eng,107000,61.0
gen,mul-eng,108000,61.1
gen,mul-eng,109000,61.2
gen,mul-eng,110000,61.2
gen,mul-eng,11000,23.4
gen,mul-eng,111000,61.2
gen,mul-eng,112000,61.2
gen,mul-eng,113000,61.3
gen,mul-eng,114000,61.2
gen,mul-eng,115000,61.2
gen,mul-eng,116000,61.2
gen,mul-eng,117000,61.2
gen,mul-eng,118000,61.3
gen,mul-eng,119000,61.3
gen,mul-eng,120000,61.3
gen,mul-eng,12000,26.8
gen,mul-eng,121000,61.4
gen,mul-eng,122000,61.4
gen,mul-eng,123000,61.5
gen,mul-eng,124000,61.5
gen,mul-eng,125000,61.5
gen,mul-eng,126000,61.6
gen,mul-eng,127000,61.6
gen,mul-eng,128000,61.7
gen,mul-eng,129000,61.7
gen,mul-eng,130000,61.7
gen,mul-eng,13000,29.6
gen,mul-eng,131000,61.8
gen,mul-eng,132000,61.8
gen,mul-eng,133000,61.8
gen,mul-eng,134000,61.8
gen,mul-eng,135000,61.8
gen,mul-eng,136000,61.7
gen,mul-eng,137000,61.8
gen,mul-eng,138000,61.9
gen,mul-eng,139000,61.9
gen,mul-eng,140000,61.9
gen,mul-eng,14000,32.3
gen,mul-eng,141000,62.0
gen,mul-eng,142000,62.0
gen,mul-eng,143000,62.1
gen,mul-eng,144000,62.0
gen,mul-eng,145000,62.0
gen,mul-eng,146000,62.0
gen,mul-eng,147000,62.0
gen,mul-eng,148000,62.0
gen,mul-eng,149000,62.0
gen,mul-eng,150000,62.0
gen,mul-eng,15000,35.0
gen,mul-eng,151000,62.0
gen,mul-eng,152000,62.0
gen,mul-eng,153000,62.0
gen,mul-eng,154000,62.0
gen,mul-eng,155000,62.1
gen,mul-eng,156000,62.1
gen,mul-eng,157000,62.1
gen,mul-eng,158000,62.1
gen,mul-eng,159000,62.1
gen,mul-eng,160000,62.1
gen,mul-eng,16000,37.5
gen,mul-eng,161000,62.2
gen,mul-eng,162000,62.2
gen,mul-eng,163000,62.2
gen,mul-eng,164000,62.3
gen,mul-eng,165000,62.3
gen,mul-eng,166000,62.4
gen,mul-eng,167000,62.4
gen,mul-eng,168000,62.4
gen,mul-eng,169000,62.4
gen,mul-eng,170000,62.5
gen,mul-eng,17000,39.4
gen,mul-eng,171000,62.6
gen,mul-eng,172000,62.6
gen,mul-eng,173000,62.7
gen,mul-eng,174000,62.7
gen,mul-eng,175000,62.7
gen,mul-eng,176000,62.7
gen,mul-eng,177000,62.8
gen,mul-eng,178000,62.8
gen,mul-eng,179000,62.8
gen,mul-eng,180000,62.8
gen,mul-eng,18000,41.1
gen,mul-eng,181000,62.8
gen,mul-eng,182000,62.8
gen,mul-eng,183000,62.9
gen,mul-eng,184000,62.9
gen,mul-eng,185000,63.0
gen,mul-eng,186000,62.9
gen,mul-eng,187000,63.0
gen,mul-eng,188000,62.9
gen,mul-eng,189000,62.9
gen,mul-eng,190000,63.0
gen,mul-eng,19000,42.7
gen,mul-eng,191000,63.0
gen,mul-eng,192000,63.0
gen,mul-eng,193000,63.0
gen,mul-eng,194000,63.0
gen,mul-eng,195000,63.0
gen,mul-eng,196000,63.0
gen,mul-eng,197000,63.0
gen,mul-eng,198000,63.1
gen,mul-eng,199000,63.1
gen,mul-eng,200000,63.1
gen,mul-eng,20000,44.0
gen,mul-eng,2000,8.8
gen,mul-eng,201000,63.1
gen,mul-eng,202000,63.1
gen,mul-eng,203000,63.1
gen,mul-eng,204000,63.1
gen,mul-eng,205000,63.0
gen,mul-eng,206000,63.0
gen,mul-eng,207000,63.0
gen,mul-eng,208000,62.9
gen,mul-eng,209000,62.9
gen,mul-eng,210000,62.9
gen,mul-eng,21000,45.4
gen,mul-eng,211000,62.9
gen,mul-eng,212000,62.9
gen,mul-eng,213000,62.9
gen,mul-eng,214000,62.8
gen,mul-eng,215000,62.9
gen,mul-eng,216000,62.9
gen,mul-eng,217000,62.9
gen,mul-eng,218000,62.9
gen,mul-eng,219000,62.9
gen,mul-eng,220000,62.9
gen,mul-eng,22000,46.5
gen,mul-eng,221000,62.9
gen,mul-eng,222000,62.9
gen,mul-eng,223000,62.9
gen,mul-eng,224000,62.9
gen,mul-eng,225000,62.9
gen,mul-eng,226000,62.9
gen,mul-eng,227000,62.9
gen,mul-eng,228000,62.9
gen,mul-eng,229000,62.9
gen,mul-eng,230000,62.9
gen,mul-eng,23000,47.4
gen,mul-eng,231000,62.9
gen,mul-eng,232000,62.9
gen,mul-eng,233000,63.0
gen,mul-eng,234000,63.0
gen,mul-eng,235000,63.1
gen,mul-eng,236000,63.1
gen,mul-eng,237000,63.1
gen,mul-eng,238000,63.2
gen,mul-eng,239000,63.1
gen,mul-eng,240000,63.2
gen,mul-eng,24000,48.4
gen,mul-eng,241000,63.2
gen,mul-eng,242000,63.2
gen,mul-eng,243000,63.3
gen,mul-eng,244000,63.2
gen,mul-eng,245000,63.2
gen,mul-eng,246000,63.2
gen,mul-eng,247000,63.2
gen,mul-eng,248000,63.2
gen,mul-eng,249000,63.2
gen,mul-eng,250000,63.3
gen,mul-eng,25000,49.1
gen,mul-eng,251000,63.3
gen,mul-eng,252000,63.3
gen,mul-eng,253000,63.3
gen,mul-eng,254000,63.3
gen,mul-eng,255000,63.4
gen,mul-eng,256000,63.4
gen,mul-eng,257000,63.4
gen,mul-eng,258000,63.4
gen,mul-eng,259000,63.4
gen,mul-eng,260000,63.4
gen,mul-eng,26000,49.8
gen,mul-eng,261000,63.4
gen,mul-eng,262000,63.4
gen,mul-eng,263000,63.4
gen,mul-eng,264000,63.4
gen,mul-eng,265000,63.4
gen,mul-eng,266000,63.4
gen,mul-eng,267000,63.4
gen,mul-eng,268000,63.4
gen,mul-eng,269000,63.4
gen,mul-eng,270000,63.4
gen,mul-eng,27000,50.5
gen,mul-eng,271000,63.4
gen,mul-eng,272000,63.4
gen,mul-eng,273000,63.4
gen,mul-eng,274000,63.5
gen,mul-eng,275000,63.4
gen,mul-eng,276000,63.5
gen,mul-eng,277000,63.5
gen,mul-eng,278000,63.5
gen,mul-eng,279000,63.5
gen,mul-eng,280000,63.5
gen,mul-eng,28000,50.9
gen,mul-eng,281000,63.5
gen,mul-eng,282000,63.5
gen,mul-eng,283000,63.5
gen,mul-eng,284000,63.5
gen,mul-eng,285000,63.4
gen,mul-eng,286000,63.4
gen,mul-eng,287000,63.4
gen,mul-eng,288000,63.3
gen,mul-eng,289000,63.3
gen,mul-eng,290000,63.3
gen,mul-eng,29000,51.5
gen,mul-eng,291000,63.3
gen,mul-eng,292000,63.3
gen,mul-eng,293000,63.4
gen,mul-eng,294000,63.4
gen,mul-eng,295000,63.2
gen,mul-eng,296000,63.3
gen,mul-eng,297000,63.2
gen,mul-eng,298000,63.2
gen,mul-eng,299000,63.2
gen,mul-eng,300000,63.1
gen,mul-eng,30000,51.9
gen,mul-eng,3000,10.3
gen,mul-eng,301000,63.1
gen,mul-eng,302000,63.1
gen,mul-eng,303000,63.1
gen,mul-eng,304000,63.1
gen,mul-eng,305000,63.1
gen,mul-eng,306000,63.0
gen,mul-eng,307000,63.0
gen,mul-eng,308000,63.0
gen,mul-eng,309000,63.1
gen,mul-eng,310000,63.1
gen,mul-eng,31000,52.3
gen,mul-eng,311000,63.1
gen,mul-eng,312000,63.2
gen,mul-eng,313000,63.2
gen,mul-eng,314000,63.2
gen,mul-eng,315000,63.2
gen,mul-eng,316000,63.2
gen,mul-eng,317000,63.3
gen,mul-eng,318000,63.3
gen,mul-eng,319000,63.3
gen,mul-eng,320000,63.3
gen,mul-eng,32000,52.7
gen,mul-eng,321000,63.2
gen,mul-eng,322000,63.3
gen,mul-eng,323000,63.3
gen,mul-eng,324000,63.4
gen,mul-eng,325000,63.4
gen,mul-eng,326000,63.4
gen,mul-eng,327000,63.4
gen,mul-eng,328000,63.4
gen,mul-eng,329000,63.4
gen,mul-eng,330000,63.4
gen,mul-eng,33000,53.0
gen,mul-eng,331000,63.4
gen,mul-eng,332000,63.4
gen,mul-eng,333000,63.5
gen,mul-eng,334000,63.5
gen,mul-eng,335000,63.4
gen,mul-eng,336000,63.4
gen,mul-eng,337000,63.4
gen,mul-eng,338000,63.4
gen,mul-eng,339000,63.4
gen,mul-eng,340000,63.4
gen,mul-eng,34000,53.4
gen,mul-eng,341000,63.4
gen,mul-eng,342000,63.4
gen,mul-eng,343000,63.4
gen,mul-eng,344000,63.4
gen,mul-eng,345000,63.4
gen,mul-eng,346000,63.4
gen,mul-eng,347000,63.4
gen,mul-eng,348000,63.4
gen,mul-eng,349000,63.3
gen,mul-eng,350000,63.4
gen,mul-eng,35000,53.7
gen,mul-eng,351000,63.4
gen,mul-eng,352000,63.4
gen,mul-eng,353000,63.4
gen,mul-eng,354000,63.4
gen,mul-eng,355000,63.4
gen,mul-eng,356000,63.3
gen,mul-eng,357000,63.4
gen,mul-eng,358000,63.3
gen,mul-eng,359000,63.3
gen,mul-eng,360000,63.3
gen,mul-eng,36000,54.0
gen,mul-eng,361000,63.3
gen,mul-eng,362000,63.4
gen,mul-eng,363000,63.4
gen,mul-eng,364000,63.3
gen,mul-eng,365000,63.3
gen,mul-eng,366000,63.4
gen,mul-eng,367000,63.4
gen,mul-eng,368000,63.4
gen,mul-eng,369000,63.4
gen,mul-eng,370000,63.5
gen,mul-eng,37000,54.3
gen,mul-eng,371000,63.5
gen,mul-eng,372000,63.6
gen,mul-eng,373000,63.5
gen,mul-eng,374000,63.5
gen,mul-eng,375000,63.5
gen,mul-eng,376000,63.5
gen,mul-eng,377000,63.6
gen,mul-eng,378000,63.6
gen,mul-eng,379000,63.6
gen,mul-eng,380000,63.6
gen,mul-eng,38000,54.6
gen,mul-eng,381000,63.6
gen,mul-eng,382000,63.6
gen,mul-eng,383000,63.6
gen,mul-eng,384000,63.7
gen,mul-eng,385000,63.7
gen,mul-eng,386000,63.7
gen,mul-eng,387000,63.7
gen,mul-eng,388000,63.7
gen,mul-eng,389000,63.7
gen,mul-eng,390000,63.8
gen,mul-eng,39000,54.9
gen,mul-eng,391000,63.8
gen,mul-eng,392000,63.8
gen,mul-eng,393000,63.8
gen,mul-eng,394000,63.9
gen,mul-eng,395000,63.9
gen,mul-eng,396000,63.9
gen,mul-eng,397000,63.9
gen,mul-eng,398000,63.9
gen,mul-eng,399000,63.9
gen,mul-eng,400000,63.8
gen,mul-eng,40000,55.2
gen,mul-eng,4000,11.5
gen,mul-eng,401000,63.8
gen,mul-eng,402000,63.8
gen,mul-eng,403000,63.8
gen,mul-eng,404000,63.8
gen,mul-eng,405000,63.7
gen,mul-eng,406000,63.7
gen,mul-eng,407000,63.6
gen,mul-eng,408000,63.5
gen,mul-eng,409000,63.5
gen,mul-eng,410000,63.5
gen,mul-eng,41000,55.3
gen,mul-eng,411000,63.3
gen,mul-eng,412000,63.3
gen,mul-eng,413000,63.3
gen,mul-eng,414000,63.2
gen,mul-eng,415000,63.1
gen,mul-eng,416000,63.1
gen,mul-eng,417000,63.0
gen,mul-eng,418000,63.1
gen,mul-eng,419000,63.0
gen,mul-eng,420000,63.1
gen,mul-eng,42000,55.5
gen,mul-eng,421000,63.1
gen,mul-eng,422000,63.2
gen,mul-eng,423000,63.2
gen,mul-eng,424000,63.3
gen,mul-eng,425000,63.3
gen,mul-eng,426000,63.4
gen,mul-eng,427000,63.4
gen,mul-eng,428000,63.5
gen,mul-eng,429000,63.6
gen,mul-eng,430000,63.7
gen,mul-eng,43000,55.7
gen,mul-eng,431000,63.7
gen,mul-eng,432000,63.7
gen,mul-eng,433000,63.7
gen,mul-eng,434000,63.8
gen,mul-eng,435000,63.8
gen,mul-eng,436000,63.8
gen,mul-eng,437000,63.9
gen,mul-eng,438000,63.9
gen,mul-eng,439000,63.9
gen,mul-eng,440000,63.9
gen,mul-eng,44000,55.8
gen,mul-eng,441000,63.9
gen,mul-eng,442000,63.9
gen,mul-eng,443000,63.9
gen,mul-eng,444000,64.0
gen,mul-eng,445000,64.0
gen,mul-eng,446000,64.0
gen,mul-eng,447000,64.0
gen,mul-eng,448000,64.0
gen,mul-eng,449000,63.9
gen,mul-eng,450000,63.9
gen,mul-eng,45000,56.0
gen,mul-eng,451000,63.9
gen,mul-eng,452000,63.9
gen,mul-eng,453000,63.9
gen,mul-eng,454000,63.9
gen,mul-eng,455000,63.9
gen,mul-eng,456000,63.9
gen,mul-eng,457000,63.9
gen,mul-eng,458000,63.9
gen,mul-eng,459000,63.9
gen,mul-eng,460000,63.9
gen,mul-eng,46000,56.1
gen,mul-eng,461000,63.9
gen,mul-eng,462000,63.8
gen,mul-eng,463000,63.9
gen,mul-eng,464000,63.8
gen,mul-eng,465000,63.8
gen,mul-eng,466000,63.8
gen,mul-eng,467000,63.8
gen,mul-eng,468000,63.8
gen,mul-eng,469000,63.8
gen,mul-eng,470000,63.8
gen,mul-eng,47000,56.3
gen,mul-eng,471000,63.8
gen,mul-eng,472000,63.8
gen,mul-eng,473000,63.8
gen,mul-eng,474000,63.8
gen,mul-eng,475000,63.8
gen,mul-eng,476000,63.8
gen,mul-eng,477000,63.7
gen,mul-eng,478000,63.8
gen,mul-eng,479000,63.8
gen,mul-eng,480000,63.8
gen,mul-eng,48000,56.5
gen,mul-eng,481000,63.8
gen,mul-eng,482000,63.9
gen,mul-eng,483000,63.9
gen,mul-eng,484000,63.9
gen,mul-eng,485000,64.0
gen,mul-eng,486000,63.9
gen,mul-eng,487000,64.0
gen,mul-eng,488000,64.0
gen,mul-eng,489000,64.0
gen,mul-eng,490000,64.0
gen,mul-eng,49000,56.7
gen,mul-eng,491000,64.0
gen,mul-eng,492000,64.0
gen,mul-eng,493000,64.0
gen,mul-eng,494000,64.0
gen,mul-eng,495000,64.0
gen,mul-eng,496000,64.0
gen,mul-eng,497000,64.0
gen,mul-eng,498000,63.9
gen,mul-eng,499000,63.9
gen,mul-eng,500000,63.9
gen,mul-eng,50000,56.8
gen,mul-eng,5000,11.7
gen,mul-eng,501000,63.9
gen,mul-eng,502000,63.9
gen,mul-eng,503000,63.9
gen,mul-eng,504000,63.9
gen,mul-eng,505000,63.9
gen,mul-eng,506000,63.8
gen,mul-eng,507000,63.8
gen,mul-eng,508000,63.8
gen,mul-eng,509000,63.8
gen,mul-eng,510000,63.7
gen,mul-eng,51000,57.1
gen,mul-eng,511000,63.7
gen,mul-eng,512000,63.7
gen,mul-eng,513000,63.6
gen,mul-eng,514000,63.5
gen,mul-eng,515000,63.5
gen,mul-eng,516000,63.4
gen,mul-eng,517000,63.4
gen,mul-eng,518000,63.3
gen,mul-eng,519000,63.3
gen,mul-eng,520000,63.3
gen,mul-eng,52000,57.2
gen,mul-eng,521000,63.3
gen,mul-eng,522000,63.3
gen,mul-eng,523000,63.3
gen,mul-eng,524000,63.3
gen,mul-eng,525000,63.3
gen,mul-eng,526000,63.4
gen,mul-eng,527000,63.4
gen,mul-eng,528000,63.5
gen,mul-eng,529000,63.5
gen,mul-eng,530000,63.6
gen,mul-eng,53000,57.4
gen,mul-eng,531000,63.7
gen,mul-eng,532000,63.7
gen,mul-eng,533000,63.7
gen,mul-eng,534000,63.8
gen,mul-eng,535000,63.7
gen,mul-eng,536000,63.9
gen,mul-eng,537000,63.9
gen,mul-eng,538000,63.9
gen,mul-eng,539000,64.0
gen,mul-eng,540000,64.0
gen,mul-eng,54000,57.5
gen,mul-eng,541000,64.0
gen,mul-eng,542000,64.1
gen,mul-eng,543000,64.1
gen,mul-eng,544000,64.1
gen,mul-eng,545000,64.1
gen,mul-eng,546000,64.1
gen,mul-eng,547000,64.1
gen,mul-eng,548000,64.1
gen,mul-eng,549000,64.1
gen,mul-eng,550000,64.0
gen,mul-eng,55000,57.6
gen,mul-eng,551000,64.0
gen,mul-eng,552000,64.0
gen,mul-eng,553000,64.0
gen,mul-eng,554000,64.1
gen,mul-eng,555000,64.1
gen,mul-eng,556000,64.1
gen,mul-eng,557000,64.1
gen,mul-eng,558000,64.2
gen,mul-eng,559000,64.2
gen,mul-eng,560000,64.2
gen,mul-eng,56000,57.8
gen,mul-eng,561000,64.2
gen,mul-eng,562000,64.2
gen,mul-eng,563000,64.3
gen,mul-eng,564000,64.3
gen,mul-eng,565000,64.3
gen,mul-eng,566000,64.3
gen,mul-eng,567000,64.3
gen,mul-eng,568000,64.3
gen,mul-eng,569000,64.3
gen,mul-eng,570000,64.2
gen,mul-eng,57000,57.9
gen,mul-eng,571000,64.2
gen,mul-eng,572000,64.2
gen,mul-eng,573000,64.2
gen,mul-eng,574000,64.2
gen,mul-eng,575000,64.2
gen,mul-eng,576000,64.2
gen,mul-eng,577000,64.2
gen,mul-eng,578000,64.3
gen,mul-eng,579000,64.3
gen,mul-eng,580000,64.2
gen,mul-eng,58000,58.0
gen,mul-eng,581000,64.2
gen,mul-eng,582000,64.3
gen,mul-eng,583000,64.2
gen,mul-eng,584000,64.2
gen,mul-eng,585000,64.3
gen,mul-eng,586000,64.2
gen,mul-eng,587000,64.2
gen,mul-eng,588000,64.2
gen,mul-eng,589000,64.2
gen,mul-eng,590000,64.2
gen,mul-eng,59000,58.2
gen,mul-eng,60000,58.4
gen,mul-eng,6000,12.6
gen,mul-eng,61000,58.6
gen,mul-eng,62000,58.7
gen,mul-eng,63000,58.7
gen,mul-eng,64000,58.8
gen,mul-eng,65000,58.8
gen,mul-eng,66000,58.9
gen,mul-eng,67000,59.1
gen,mul-eng,68000,59.2
gen,mul-eng,69000,59.2
gen,mul-eng,70000,59.5
gen,mul-eng,7000,13.6
gen,mul-eng,71000,59.6
gen,mul-eng,72000,59.7
gen,mul-eng,73000,59.8
gen,mul-eng,74000,59.9
gen,mul-eng,75000,59.8
gen,mul-eng,76000,59.9
gen,mul-eng,77000,60.0
gen,mul-eng,78000,60.0
gen,mul-eng,79000,60.1
gen,mul-eng,80000,60.1
gen,mul-eng,8000,14.7
gen,mul-eng,81000,60.2
gen,mul-eng,82000,60.3
gen,mul-eng,83000,60.3
gen,mul-eng,84000,60.4
gen,mul-eng,85000,60.4
gen,mul-eng,86000,60.4
gen,mul-eng,87000,60.5
gen,mul-eng,88000,60.5
gen,mul-eng,89000,60.5
gen,mul-eng,90000,60.5
gen,mul-eng,9000,16.7
gen,mul-eng,91000,60.6
gen,mul-eng,92000,60.6
gen,mul-eng,93000,60.7
gen,mul-eng,94000,60.7
gen,mul-eng,95000,60.7
gen,mul-eng,96000,60.7
gen,mul-eng,97000,60.7
gen,mul-eng,98000,60.9
gen,mul-eng,99000,60.9
gen,rus-eng_s0,100000,68.1
gen,rus-eng_s0,10000,50.9
gen,rus-eng_s0,1000,4.6
gen,rus-eng_s0,101000,68.1
gen,rus-eng_s0,102000,68.1
gen,rus-eng_s0,103000,68.1
gen,rus-eng_s0,104000,68.1
gen,rus-eng_s0,105000,68.1
gen,rus-eng_s0,106000,68.1
gen,rus-eng_s0,107000,68.2
gen,rus-eng_s0,108000,68.1
gen,rus-eng_s0,109000,68.2
gen,rus-eng_s0,110000,68.2
gen,rus-eng_s0,11000,53.6
gen,rus-eng_s0,111000,68.2
gen,rus-eng_s0,112000,68.2
gen,rus-eng_s0,113000,68.2
gen,rus-eng_s0,114000,68.2
gen,rus-eng_s0,115000,68.2
gen,rus-eng_s0,116000,68.2
gen,rus-eng_s0,117000,68.2
gen,rus-eng_s0,118000,68.3
gen,rus-eng_s0,119000,68.3
gen,rus-eng_s0,120000,68.3
gen,rus-eng_s0,12000,55.4
gen,rus-eng_s0,121000,68.3
gen,rus-eng_s0,122000,68.3
gen,rus-eng_s0,123000,68.4
gen,rus-eng_s0,124000,68.4
gen,rus-eng_s0,125000,68.4
gen,rus-eng_s0,126000,68.4
gen,rus-eng_s0,127000,68.4
gen,rus-eng_s0,128000,68.4
gen,rus-eng_s0,129000,68.4
gen,rus-eng_s0,130000,68.4
gen,rus-eng_s0,13000,56.9
gen,rus-eng_s0,131000,68.4
gen,rus-eng_s0,132000,68.4
gen,rus-eng_s0,133000,68.4
gen,rus-eng_s0,134000,68.4
gen,rus-eng_s0,135000,68.4
gen,rus-eng_s0,136000,68.4
gen,rus-eng_s0,137000,68.5
gen,rus-eng_s0,138000,68.5
gen,rus-eng_s0,139000,68.5
gen,rus-eng_s0,140000,68.5
gen,rus-eng_s0,14000,58.0
gen,rus-eng_s0,141000,68.6
gen,rus-eng_s0,142000,68.6
gen,rus-eng_s0,143000,68.6
gen,rus-eng_s0,144000,68.5
gen,rus-eng_s0,145000,68.5
gen,rus-eng_s0,146000,68.5
gen,rus-eng_s0,147000,68.5
gen,rus-eng_s0,148000,68.6
gen,rus-eng_s0,149000,68.6
gen,rus-eng_s0,150000,68.6
gen,rus-eng_s0,15000,59.1
gen,rus-eng_s0,151000,68.6
gen,rus-eng_s0,152000,68.6
gen,rus-eng_s0,153000,68.6
gen,rus-eng_s0,154000,68.6
gen,rus-eng_s0,155000,68.6
gen,rus-eng_s0,156000,68.6
gen,rus-eng_s0,157000,68.5
gen,rus-eng_s0,158000,68.6
gen,rus-eng_s0,159000,68.6
gen,rus-eng_s0,160000,68.6
gen,rus-eng_s0,16000,59.9
gen,rus-eng_s0,161000,68.6
gen,rus-eng_s0,162000,68.6
gen,rus-eng_s0,163000,68.6
gen,rus-eng_s0,164000,68.7
gen,rus-eng_s0,165000,68.7
gen,rus-eng_s0,166000,68.7
gen,rus-eng_s0,167000,68.6
gen,rus-eng_s0,168000,68.6
gen,rus-eng_s0,169000,68.6
gen,rus-eng_s0,170000,68.6
gen,rus-eng_s0,17000,60.7
gen,rus-eng_s0,171000,68.6
gen,rus-eng_s0,172000,68.6
gen,rus-eng_s0,173000,68.6
gen,rus-eng_s0,174000,68.6
gen,rus-eng_s0,175000,68.6
gen,rus-eng_s0,176000,68.6
gen,rus-eng_s0,177000,68.6
gen,rus-eng_s0,178000,68.6
gen,rus-eng_s0,179000,68.6
gen,rus-eng_s0,180000,68.5
gen,rus-eng_s0,18000,61.4
gen,rus-eng_s0,181000,68.6
gen,rus-eng_s0,182000,68.6
gen,rus-eng_s0,183000,68.6
gen,rus-eng_s0,184000,68.6
gen,rus-eng_s0,185000,68.6
gen,rus-eng_s0,186000,68.7
gen,rus-eng_s0,187000,68.6
gen,rus-eng_s0,188000,68.6
gen,rus-eng_s0,189000,68.6
gen,rus-eng_s0,190000,68.6
gen,rus-eng_s0,19000,62.0
gen,rus-eng_s0,191000,68.6
gen,rus-eng_s0,192000,68.6
gen,rus-eng_s0,193000,68.6
gen,rus-eng_s0,194000,68.6
gen,rus-eng_s0,195000,68.7
gen,rus-eng_s0,196000,68.7
gen,rus-eng_s0,197000,68.6
gen,rus-eng_s0,198000,68.6
gen,rus-eng_s0,199000,68.6
gen,rus-eng_s0,200000,68.6
gen,rus-eng_s0,20000,62.6
gen,rus-eng_s0,2000,9.2
gen,rus-eng_s0,201000,68.6
gen,rus-eng_s0,202000,68.6
gen,rus-eng_s0,203000,68.6
gen,rus-eng_s0,204000,68.7
gen,rus-eng_s0,205000,68.6
gen,rus-eng_s0,206000,68.7
gen,rus-eng_s0,207000,68.6
gen,rus-eng_s0,208000,68.7
gen,rus-eng_s0,209000,68.7
gen,rus-eng_s0,210000,68.8
gen,rus-eng_s0,21000,63.0
gen,rus-eng_s0,211000,68.7
gen,rus-eng_s0,212000,68.7
gen,rus-eng_s0,213000,68.7
gen,rus-eng_s0,214000,68.8
gen,rus-eng_s0,215000,68.8
gen,rus-eng_s0,216000,68.7
gen,rus-eng_s0,217000,68.7
gen,rus-eng_s0,218000,68.8
gen,rus-eng_s0,219000,68.8
gen,rus-eng_s0,220000,68.8
gen,rus-eng_s0,22000,63.5
gen,rus-eng_s0,221000,68.8
gen,rus-eng_s0,222000,68.8
gen,rus-eng_s0,223000,68.8
gen,rus-eng_s0,224000,68.8
gen,rus-eng_s0,225000,68.8
gen,rus-eng_s0,226000,68.8
gen,rus-eng_s0,227000,68.8
gen,rus-eng_s0,228000,68.8
gen,rus-eng_s0,229000,68.8
gen,rus-eng_s0,230000,68.8
gen,rus-eng_s0,23000,63.7
gen,rus-eng_s0,231000,68.8
gen,rus-eng_s0,232000,68.8
gen,rus-eng_s0,233000,68.8
gen,rus-eng_s0,234000,68.8
gen,rus-eng_s0,235000,68.8
gen,rus-eng_s0,236000,68.8
gen,rus-eng_s0,237000,68.7
gen,rus-eng_s0,238000,68.7
gen,rus-eng_s0,239000,68.7
gen,rus-eng_s0,240000,68.8
gen,rus-eng_s0,24000,64.0
gen,rus-eng_s0,241000,68.7
gen,rus-eng_s0,242000,68.8
gen,rus-eng_s0,243000,68.8
gen,rus-eng_s0,244000,68.7
gen,rus-eng_s0,245000,68.7
gen,rus-eng_s0,246000,68.8
gen,rus-eng_s0,247000,68.8
gen,rus-eng_s0,248000,68.7
gen,rus-eng_s0,249000,68.7
gen,rus-eng_s0,250000,68.8
gen,rus-eng_s0,25000,64.3
gen,rus-eng_s0,251000,68.8
gen,rus-eng_s0,252000,68.8
gen,rus-eng_s0,253000,68.8
gen,rus-eng_s0,254000,68.7
gen,rus-eng_s0,255000,68.8
gen,rus-eng_s0,256000,68.8
gen,rus-eng_s0,257000,68.8
gen,rus-eng_s0,258000,68.8
gen,rus-eng_s0,259000,68.7
gen,rus-eng_s0,260000,68.8
gen,rus-eng_s0,26000,64.5
gen,rus-eng_s0,261000,68.7
gen,rus-eng_s0,262000,68.8
gen,rus-eng_s0,263000,68.8
gen,rus-eng_s0,264000,68.8
gen,rus-eng_s0,265000,68.8
gen,rus-eng_s0,266000,68.7
gen,rus-eng_s0,267000,68.7
gen,rus-eng_s0,268000,68.7
gen,rus-eng_s0,269000,68.8
gen,rus-eng_s0,270000,68.8
gen,rus-eng_s0,27000,64.7
gen,rus-eng_s0,271000,68.7
gen,rus-eng_s0,272000,68.7
gen,rus-eng_s0,273000,68.8
gen,rus-eng_s0,274000,68.8
gen,rus-eng_s0,275000,68.7
gen,rus-eng_s0,276000,68.8
gen,rus-eng_s0,277000,68.8
gen,rus-eng_s0,278000,68.8
gen,rus-eng_s0,279000,68.8
gen,rus-eng_s0,280000,68.7
gen,rus-eng_s0,28000,64.9
gen,rus-eng_s0,281000,68.7
gen,rus-eng_s0,282000,68.7
gen,rus-eng_s0,283000,68.7
gen,rus-eng_s0,284000,68.7
gen,rus-eng_s0,285000,68.7
gen,rus-eng_s0,286000,68.7
gen,rus-eng_s0,287000,68.7
gen,rus-eng_s0,288000,68.7
gen,rus-eng_s0,289000,68.7
gen,rus-eng_s0,290000,68.7
gen,rus-eng_s0,29000,65.0
gen,rus-eng_s0,291000,68.8
gen,rus-eng_s0,292000,68.8
gen,rus-eng_s0,293000,68.8
gen,rus-eng_s0,294000,68.8
gen,rus-eng_s0,295000,68.8
gen,rus-eng_s0,296000,68.8
gen,rus-eng_s0,297000,68.8
gen,rus-eng_s0,298000,68.8
gen,rus-eng_s0,299000,68.8
gen,rus-eng_s0,300000,68.8
gen,rus-eng_s0,30000,65.1
gen,rus-eng_s0,3000,12.6
gen,rus-eng_s0,301000,68.8
gen,rus-eng_s0,302000,68.7
gen,rus-eng_s0,303000,68.7
gen,rus-eng_s0,304000,68.8
gen,rus-eng_s0,305000,68.8
gen,rus-eng_s0,306000,68.8
gen,rus-eng_s0,307000,68.8
gen,rus-eng_s0,308000,68.8
gen,rus-eng_s0,309000,68.8
gen,rus-eng_s0,310000,68.8
gen,rus-eng_s0,31000,65.3
gen,rus-eng_s0,311000,68.8
gen,rus-eng_s0,312000,68.8
gen,rus-eng_s0,313000,68.8
gen,rus-eng_s0,314000,68.8
gen,rus-eng_s0,315000,68.7
gen,rus-eng_s0,316000,68.8
gen,rus-eng_s0,317000,68.8
gen,rus-eng_s0,318000,68.8
gen,rus-eng_s0,319000,68.8
gen,rus-eng_s0,320000,68.8
gen,rus-eng_s0,32000,65.4
gen,rus-eng_s0,321000,68.8
gen,rus-eng_s0,322000,68.8
gen,rus-eng_s0,323000,68.8
gen,rus-eng_s0,324000,68.8
gen,rus-eng_s0,325000,68.8
gen,rus-eng_s0,326000,68.8
gen,rus-eng_s0,327000,68.8
gen,rus-eng_s0,328000,68.8
gen,rus-eng_s0,329000,68.8
gen,rus-eng_s0,330000,68.8
gen,rus-eng_s0,33000,65.5
gen,rus-eng_s0,331000,68.8
gen,rus-eng_s0,332000,68.8
gen,rus-eng_s0,333000,68.8
gen,rus-eng_s0,334000,68.8
gen,rus-eng_s0,335000,68.8
gen,rus-eng_s0,336000,68.8
gen,rus-eng_s0,337000,68.8
gen,rus-eng_s0,338000,68.8
gen,rus-eng_s0,339000,68.7
gen,rus-eng_s0,340000,68.7
gen,rus-eng_s0,34000,65.7
gen,rus-eng_s0,341000,68.8
gen,rus-eng_s0,342000,68.8
gen,rus-eng_s0,343000,68.8
gen,rus-eng_s0,344000,68.8
gen,rus-eng_s0,345000,68.8
gen,rus-eng_s0,346000,68.7
gen,rus-eng_s0,347000,68.7
gen,rus-eng_s0,348000,68.7
gen,rus-eng_s0,349000,68.7
gen,rus-eng_s0,350000,68.7
gen,rus-eng_s0,35000,65.8
gen,rus-eng_s0,351000,68.7
gen,rus-eng_s0,352000,68.7
gen,rus-eng_s0,353000,68.7
gen,rus-eng_s0,354000,68.8
gen,rus-eng_s0,355000,68.8
gen,rus-eng_s0,356000,68.8
gen,rus-eng_s0,357000,68.8
gen,rus-eng_s0,358000,68.8
gen,rus-eng_s0,359000,68.8
gen,rus-eng_s0,360000,68.8
gen,rus-eng_s0,36000,65.9
gen,rus-eng_s0,361000,68.8
gen,rus-eng_s0,362000,68.8
gen,rus-eng_s0,363000,68.8
gen,rus-eng_s0,364000,68.8
gen,rus-eng_s0,365000,68.7
gen,rus-eng_s0,366000,68.8
gen,rus-eng_s0,367000,68.8
gen,rus-eng_s0,368000,68.8
gen,rus-eng_s0,369000,68.7
gen,rus-eng_s0,370000,68.7
gen,rus-eng_s0,37000,66.0
gen,rus-eng_s0,371000,68.8
gen,rus-eng_s0,372000,68.8
gen,rus-eng_s0,373000,68.7
gen,rus-eng_s0,374000,68.8
gen,rus-eng_s0,375000,68.8
gen,rus-eng_s0,376000,68.7
gen,rus-eng_s0,377000,68.7
gen,rus-eng_s0,378000,68.7
gen,rus-eng_s0,379000,68.7
gen,rus-eng_s0,380000,68.7
gen,rus-eng_s0,38000,66.1
gen,rus-eng_s0,381000,68.7
gen,rus-eng_s0,382000,68.7
gen,rus-eng_s0,383000,68.8
gen,rus-eng_s0,384000,68.8
gen,rus-eng_s0,385000,68.8
gen,rus-eng_s0,386000,68.8
gen,rus-eng_s0,387000,68.7
gen,rus-eng_s0,388000,68.7
gen,rus-eng_s0,389000,68.7
gen,rus-eng_s0,390000,68.7
gen,rus-eng_s0,39000,66.2
gen,rus-eng_s0,391000,68.7
gen,rus-eng_s0,392000,68.7
gen,rus-eng_s0,393000,68.7
gen,rus-eng_s0,394000,68.7
gen,rus-eng_s0,395000,68.7
gen,rus-eng_s0,396000,68.7
gen,rus-eng_s0,397000,68.7
gen,rus-eng_s0,398000,68.7
gen,rus-eng_s0,399000,68.7
gen,rus-eng_s0,400000,68.7
gen,rus-eng_s0,40000,66.2
gen,rus-eng_s0,4000,14.9
gen,rus-eng_s0,401000,68.7
gen,rus-eng_s0,402000,68.7
gen,rus-eng_s0,403000,68.7
gen,rus-eng_s0,404000,68.7
gen,rus-eng_s0,405000,68.7
gen,rus-eng_s0,406000,68.7
gen,rus-eng_s0,407000,68.7
gen,rus-eng_s0,408000,68.7
gen,rus-eng_s0,409000,68.7
gen,rus-eng_s0,410000,68.7
gen,rus-eng_s0,41000,66.4
gen,rus-eng_s0,411000,68.7
gen,rus-eng_s0,412000,68.7
gen,rus-eng_s0,413000,68.6
gen,rus-eng_s0,414000,68.7
gen,rus-eng_s0,415000,68.7
gen,rus-eng_s0,416000,68.7
gen,rus-eng_s0,417000,68.7
gen,rus-eng_s0,418000,68.7
gen,rus-eng_s0,419000,68.7
gen,rus-eng_s0,420000,68.7
gen,rus-eng_s0,42000,66.4
gen,rus-eng_s0,421000,68.7
gen,rus-eng_s0,422000,68.7
gen,rus-eng_s0,423000,68.7
gen,rus-eng_s0,424000,68.7
gen,rus-eng_s0,425000,68.7
gen,rus-eng_s0,426000,68.7
gen,rus-eng_s0,427000,68.7
gen,rus-eng_s0,428000,68.7
gen,rus-eng_s0,429000,68.7
gen,rus-eng_s0,430000,68.8
gen,rus-eng_s0,43000,66.5
gen,rus-eng_s0,431000,68.8
gen,rus-eng_s0,432000,68.8
gen,rus-eng_s0,433000,68.8
gen,rus-eng_s0,434000,68.8
gen,rus-eng_s0,435000,68.8
gen,rus-eng_s0,436000,68.8
gen,rus-eng_s0,437000,68.9
gen,rus-eng_s0,438000,68.8
gen,rus-eng_s0,439000,68.8
gen,rus-eng_s0,440000,68.9
gen,rus-eng_s0,44000,66.6
gen,rus-eng_s0,441000,68.9
gen,rus-eng_s0,442000,68.9
gen,rus-eng_s0,443000,68.8
gen,rus-eng_s0,444000,68.8
gen,rus-eng_s0,445000,68.9
gen,rus-eng_s0,446000,68.8
gen,rus-eng_s0,447000,68.8
gen,rus-eng_s0,448000,68.8
gen,rus-eng_s0,449000,68.8
gen,rus-eng_s0,450000,68.8
gen,rus-eng_s0,45000,66.7
gen,rus-eng_s0,451000,68.8
gen,rus-eng_s0,452000,68.8
gen,rus-eng_s0,453000,68.8
gen,rus-eng_s0,454000,68.8
gen,rus-eng_s0,455000,68.8
gen,rus-eng_s0,456000,68.9
gen,rus-eng_s0,457000,68.8
gen,rus-eng_s0,458000,68.9
gen,rus-eng_s0,459000,68.8
gen,rus-eng_s0,460000,68.8
gen,rus-eng_s0,46000,66.7
gen,rus-eng_s0,461000,68.8
gen,rus-eng_s0,462000,68.8
gen,rus-eng_s0,463000,68.8
gen,rus-eng_s0,464000,68.8
gen,rus-eng_s0,465000,68.8
gen,rus-eng_s0,466000,68.8
gen,rus-eng_s0,467000,68.8
gen,rus-eng_s0,468000,68.7
gen,rus-eng_s0,469000,68.7
gen,rus-eng_s0,470000,68.8
gen,rus-eng_s0,47000,66.8
gen,rus-eng_s0,471000,68.8
gen,rus-eng_s0,472000,68.8
gen,rus-eng_s0,473000,68.7
gen,rus-eng_s0,474000,68.7
gen,rus-eng_s0,475000,68.7
gen,rus-eng_s0,476000,68.7
gen,rus-eng_s0,477000,68.7
gen,rus-eng_s0,478000,68.7
gen,rus-eng_s0,479000,68.7
gen,rus-eng_s0,480000,68.8
gen,rus-eng_s0,48000,66.9
gen,rus-eng_s0,481000,68.7
gen,rus-eng_s0,482000,68.8
gen,rus-eng_s0,483000,68.8
gen,rus-eng_s0,484000,68.8
gen,rus-eng_s0,485000,68.8
gen,rus-eng_s0,486000,68.8
gen,rus-eng_s0,487000,68.8
gen,rus-eng_s0,488000,68.8
gen,rus-eng_s0,489000
gen,rus-eng_s0,490000,68.9
gen,rus-eng_s0,49000,66.9
gen,rus-eng_s0,491000,68.9
gen,rus-eng_s0,492000,68.8
gen,rus-eng_s0,493000,68.8
gen,rus-eng_s0,494000,68.8
gen,rus-eng_s0,495000,68.8
gen,rus-eng_s0,496000,68.8
gen,rus-eng_s0,497000,68.8
gen,rus-eng_s0,498000,68.8
gen,rus-eng_s0,499000,68.8
gen,rus-eng_s0,500000,68.8
gen,rus-eng_s0,50000,67.0
gen,rus-eng_s0,5000,17.4
gen,rus-eng_s0,501000,68.7
gen,rus-eng_s0,502000,68.7
gen,rus-eng_s0,503000,68.7
gen,rus-eng_s0,504000,68.7
gen,rus-eng_s0,505000,68.7
gen,rus-eng_s0,506000,68.7
gen,rus-eng_s0,507000,68.7
gen,rus-eng_s0,508000,68.7
gen,rus-eng_s0,509000,68.7
gen,rus-eng_s0,510000,68.7
gen,rus-eng_s0,51000,67.1
gen,rus-eng_s0,511000,68.7
gen,rus-eng_s0,512000,68.7
gen,rus-eng_s0,513000,68.7
gen,rus-eng_s0,514000,68.7
gen,rus-eng_s0,515000,68.7
gen,rus-eng_s0,516000,68.6
gen,rus-eng_s0,517000,68.6
gen,rus-eng_s0,518000,68.7
gen,rus-eng_s0,519000,68.7
gen,rus-eng_s0,520000,68.7
gen,rus-eng_s0,52000,67.2
gen,rus-eng_s0,521000,68.6
gen,rus-eng_s0,522000,68.6
gen,rus-eng_s0,523000,68.6
gen,rus-eng_s0,524000,68.6
gen,rus-eng_s0,525000,68.6
gen,rus-eng_s0,526000,68.6
gen,rus-eng_s0,527000,68.6
gen,rus-eng_s0,528000,68.6
gen,rus-eng_s0,529000,68.7
gen,rus-eng_s0,530000,68.7
gen,rus-eng_s0,53000,67.2
gen,rus-eng_s0,531000,68.7
gen,rus-eng_s0,532000,68.7
gen,rus-eng_s0,533000,68.6
gen,rus-eng_s0,534000,68.7
gen,rus-eng_s0,535000,68.7
gen,rus-eng_s0,536000,68.7
gen,rus-eng_s0,537000,68.7
gen,rus-eng_s0,538000,68.7
gen,rus-eng_s0,539000,68.7
gen,rus-eng_s0,540000,68.7
gen,rus-eng_s0,54000,67.2
gen,rus-eng_s0,541000,68.7
gen,rus-eng_s0,542000,68.7
gen,rus-eng_s0,543000,68.7
gen,rus-eng_s0,544000,68.8
gen,rus-eng_s0,545000,68.8
gen,rus-eng_s0,546000,68.8
gen,rus-eng_s0,547000,68.7
gen,rus-eng_s0,548000,68.7
gen,rus-eng_s0,549000,68.7
gen,rus-eng_s0,550000,68.7
gen,rus-eng_s0,55000,67.2
gen,rus-eng_s0,551000,68.7
gen,rus-eng_s0,552000,68.7
gen,rus-eng_s0,553000,68.7
gen,rus-eng_s0,554000,68.7
gen,rus-eng_s0,555000,68.7
gen,rus-eng_s0,556000,68.7
gen,rus-eng_s0,557000,68.7
gen,rus-eng_s0,558000,68.7
gen,rus-eng_s0,559000,68.7
gen,rus-eng_s0,560000,68.7
gen,rus-eng_s0,56000,67.3
gen,rus-eng_s0,561000,68.8
gen,rus-eng_s0,562000,68.8
gen,rus-eng_s0,563000,68.8
gen,rus-eng_s0,564000,68.8
gen,rus-eng_s0,565000,68.8
gen,rus-eng_s0,566000,68.7
gen,rus-eng_s0,567000,68.7
gen,rus-eng_s0,568000,68.7
gen,rus-eng_s0,569000,68.7
gen,rus-eng_s0,570000,68.7
gen,rus-eng_s0,57000,67.3
gen,rus-eng_s0,571000,68.8
gen,rus-eng_s0,572000,68.8
gen,rus-eng_s0,573000,68.8
gen,rus-eng_s0,574000,68.8
gen,rus-eng_s0,575000,68.8
gen,rus-eng_s0,576000,68.8
gen,rus-eng_s0,577000,68.8
gen,rus-eng_s0,578000,68.8
gen,rus-eng_s0,579000,68.8
gen,rus-eng_s0,580000,68.8
gen,rus-eng_s0,58000,67.3
gen,rus-eng_s0,581000,68.8
gen,rus-eng_s0,582000,68.8
gen,rus-eng_s0,583000,68.8
gen,rus-eng_s0,584000,68.8
gen,rus-eng_s0,585000,68.7
gen,rus-eng_s0,586000
gen,rus-eng_s0,590000
gen,rus-eng_s0,59000,67.4
gen,rus-eng_s0,600000
gen,rus-eng_s0,60000,67.4
gen,rus-eng_s0,6000,21.9
gen,rus-eng_s0,610000
gen,rus-eng_s0,61000,67.4
gen,rus-eng_s0,620000
gen,rus-eng_s0,62000,67.5
gen,rus-eng_s0,630000
gen,rus-eng_s0,63000,67.5
gen,rus-eng_s0,640000
gen,rus-eng_s0,64000,67.5
gen,rus-eng_s0,650000
gen,rus-eng_s0,65000,67.6
gen,rus-eng_s0,660000
gen,rus-eng_s0,66000,67.6
gen,rus-eng_s0,670000
gen,rus-eng_s0,67000,67.6
gen,rus-eng_s0,680000
gen,rus-eng_s0,68000,67.5
gen,rus-eng_s0,690000
gen,rus-eng_s0,69000,67.6
gen,rus-eng_s0,700000
gen,rus-eng_s0,70000,67.6
gen,rus-eng_s0,7000,29.2
gen,rus-eng_s0,710000
gen,rus-eng_s0,71000,67.6
gen,rus-eng_s0,720000
gen,rus-eng_s0,72000,67.6
gen,rus-eng_s0,730000
gen,rus-eng_s0,73000,67.7
gen,rus-eng_s0,740000
gen,rus-eng_s0,74000,67.7
gen,rus-eng_s0,750000
gen,rus-eng_s0,75000,67.7
gen,rus-eng_s0,760000
gen,rus-eng_s0,76000,67.7
gen,rus-eng_s0,770000
gen,rus-eng_s0,77000,67.7
gen,rus-eng_s0,780000
gen,rus-eng_s0,78000,67.7
gen,rus-eng_s0,790000
gen,rus-eng_s0,79000,67.7
gen,rus-eng_s0,80000,67.7
gen,rus-eng_s0,8000,40.5
gen,rus-eng_s0,81000,67.7
gen,rus-eng_s0,82000,67.7
gen,rus-eng_s0,83000,67.8
gen,rus-eng_s0,84000,67.7
gen,rus-eng_s0,85000,67.8
gen,rus-eng_s0,86000,67.8
gen,rus-eng_s0,87000,67.8
gen,rus-eng_s0,88000,67.8
gen,rus-eng_s0,89000,67.8
gen,rus-eng_s0,90000,67.9
gen,rus-eng_s0,9000,47.4
gen,rus-eng_s0,91000,67.9
gen,rus-eng_s0,92000,67.9
gen,rus-eng_s0,93000,67.9
gen,rus-eng_s0,94000,68.0
gen,rus-eng_s0,95000,68.0
gen,rus-eng_s0,96000,68.0
gen,rus-eng_s0,97000,68.0
gen,rus-eng_s0,98000,68.0
gen,rus-eng_s0,99000,68.0
gen,rus-eng_s1,100000,68.0
gen,rus-eng_s1,10000,51.2
gen,rus-eng_s1,1000,5.7
gen,rus-eng_s1,101000,68.1
gen,rus-eng_s1,102000,68.1
gen,rus-eng_s1,103000,68.1
gen,rus-eng_s1,104000,68.1
gen,rus-eng_s1,105000,68.1
gen,rus-eng_s1,106000,68.1
gen,rus-eng_s1,107000,68.1
gen,rus-eng_s1,108000,68.1
gen,rus-eng_s1,109000,68.2
gen,rus-eng_s1,110000,68.2
gen,rus-eng_s1,11000,53.7
gen,rus-eng_s1,111000,68.2
gen,rus-eng_s1,112000,68.2
gen,rus-eng_s1,113000,68.2
gen,rus-eng_s1,114000,68.2
gen,rus-eng_s1,115000,68.2
gen,rus-eng_s1,116000,68.2
gen,rus-eng_s1,117000,68.2
gen,rus-eng_s1,118000,68.2
gen,rus-eng_s1,119000,68.3
gen,rus-eng_s1,120000,68.3
gen,rus-eng_s1,12000,55.5
gen,rus-eng_s1,121000,68.3
gen,rus-eng_s1,122000,68.3
gen,rus-eng_s1,123000,68.3
gen,rus-eng_s1,124000,68.3
gen,rus-eng_s1,125000,68.3
gen,rus-eng_s1,126000,68.3
gen,rus-eng_s1,127000,68.3
gen,rus-eng_s1,128000,68.3
gen,rus-eng_s1,129000,68.4
gen,rus-eng_s1,130000,68.4
gen,rus-eng_s1,13000,56.9
gen,rus-eng_s1,131000,68.4
gen,rus-eng_s1,132000,68.4
gen,rus-eng_s1,133000,68.4
gen,rus-eng_s1,134000,68.4
gen,rus-eng_s1,135000,68.4
gen,rus-eng_s1,136000,68.4
gen,rus-eng_s1,137000,68.4
gen,rus-eng_s1,138000,68.4
gen,rus-eng_s1,139000,68.4
gen,rus-eng_s1,140000,68.4
gen,rus-eng_s1,14000,58.1
gen,rus-eng_s1,141000,68.5
gen,rus-eng_s1,142000,68.5
gen,rus-eng_s1,143000,68.5
gen,rus-eng_s1,144000,68.5
gen,rus-eng_s1,145000,68.5
gen,rus-eng_s1,146000,68.5
gen,rus-eng_s1,147000,68.5
gen,rus-eng_s1,148000,68.5
gen,rus-eng_s1,149000,68.5
gen,rus-eng_s1,150000,68.5
gen,rus-eng_s1,15000,58.9
gen,rus-eng_s1,151000,68.5
gen,rus-eng_s1,152000,68.5
gen,rus-eng_s1,153000,68.5
gen,rus-eng_s1,154000,68.5
gen,rus-eng_s1,155000,68.5
gen,rus-eng_s1,156000,68.5
gen,rus-eng_s1,157000,68.6
gen,rus-eng_s1,158000,68.6
gen,rus-eng_s1,159000,68.5
gen,rus-eng_s1,160000,68.5
gen,rus-eng_s1,16000,59.8
gen,rus-eng_s1,161000,68.5
gen,rus-eng_s1,162000,68.6
gen,rus-eng_s1,163000,68.6
gen,rus-eng_s1,164000,68.6
gen,rus-eng_s1,165000,68.6
gen,rus-eng_s1,166000,68.6
gen,rus-eng_s1,167000,68.6
gen,rus-eng_s1,168000,68.6
gen,rus-eng_s1,169000,68.6
gen,rus-eng_s1,170000,68.6
gen,rus-eng_s1,17000,60.6
gen,rus-eng_s1,171000,68.6
gen,rus-eng_s1,172000,68.6
gen,rus-eng_s1,173000,68.6
gen,rus-eng_s1,174000,68.6
gen,rus-eng_s1,175000,68.6
gen,rus-eng_s1,176000,68.6
gen,rus-eng_s1,177000,68.6
gen,rus-eng_s1,178000,68.6
gen,rus-eng_s1,179000,68.6
gen,rus-eng_s1,180000,68.6
gen,rus-eng_s1,18000,61.3
gen,rus-eng_s1,181000,68.6
gen,rus-eng_s1,182000,68.6
gen,rus-eng_s1,183000,68.6
gen,rus-eng_s1,184000,68.6
gen,rus-eng_s1,185000,68.6
gen,rus-eng_s1,186000,68.6
gen,rus-eng_s1,187000,68.6
gen,rus-eng_s1,188000,68.6
gen,rus-eng_s1,189000,68.6
gen,rus-eng_s1,190000,68.6
gen,rus-eng_s1,19000,61.9
gen,rus-eng_s1,191000,68.7
gen,rus-eng_s1,192000,68.7
gen,rus-eng_s1,193000,68.6
gen,rus-eng_s1,194000,68.7
gen,rus-eng_s1,195000,68.7
gen,rus-eng_s1,196000,68.7
gen,rus-eng_s1,197000,68.7
gen,rus-eng_s1,198000,68.7
gen,rus-eng_s1,199000,68.7
gen,rus-eng_s1,200000,68.7
gen,rus-eng_s1,20000,62.4
gen,rus-eng_s1,2000,8.4
gen,rus-eng_s1,201000,68.7
gen,rus-eng_s1,202000,68.7
gen,rus-eng_s1,203000,68.7
gen,rus-eng_s1,204000,68.7
gen,rus-eng_s1,205000,68.7
gen,rus-eng_s1,206000,68.7
gen,rus-eng_s1,207000,68.7
gen,rus-eng_s1,208000,68.7
gen,rus-eng_s1,209000,68.6
gen,rus-eng_s1,210000,68.7
gen,rus-eng_s1,21000,62.9
gen,rus-eng_s1,211000,68.7
gen,rus-eng_s1,212000,68.7
gen,rus-eng_s1,213000,68.7
gen,rus-eng_s1,214000,68.7
gen,rus-eng_s1,215000,68.7
gen,rus-eng_s1,216000,68.7
gen,rus-eng_s1,217000,68.7
gen,rus-eng_s1,218000,68.7
gen,rus-eng_s1,219000,68.7
gen,rus-eng_s1,220000,68.6
gen,rus-eng_s1,22000,63.1
gen,rus-eng_s1,221000,68.6
gen,rus-eng_s1,222000,68.7
gen,rus-eng_s1,223000,68.7
gen,rus-eng_s1,224000,68.7
gen,rus-eng_s1,225000,68.7
gen,rus-eng_s1,226000,68.7
gen,rus-eng_s1,227000,68.7
gen,rus-eng_s1,228000,68.7
gen,rus-eng_s1,229000,68.7
gen,rus-eng_s1,230000,68.7
gen,rus-eng_s1,23000,63.5
gen,rus-eng_s1,231000,68.7
gen,rus-eng_s1,232000,68.6
gen,rus-eng_s1,233000,68.6
gen,rus-eng_s1,234000,68.6
gen,rus-eng_s1,235000,68.6
gen,rus-eng_s1,236000,68.6
gen,rus-eng_s1,237000,68.6
gen,rus-eng_s1,238000,68.6
gen,rus-eng_s1,239000,68.7
gen,rus-eng_s1,240000,68.7
gen,rus-eng_s1,24000,63.8
gen,rus-eng_s1,241000,68.7
gen,rus-eng_s1,242000,68.7
gen,rus-eng_s1,243000,68.7
gen,rus-eng_s1,244000,68.7
gen,rus-eng_s1,245000,68.7
gen,rus-eng_s1,246000,68.7
gen,rus-eng_s1,247000,68.7
gen,rus-eng_s1,248000,68.7
gen,rus-eng_s1,249000,68.7
gen,rus-eng_s1,250000,68.7
gen,rus-eng_s1,25000,64.1
gen,rus-eng_s1,251000,68.7
gen,rus-eng_s1,252000,68.7
gen,rus-eng_s1,253000,68.7
gen,rus-eng_s1,254000,68.7
gen,rus-eng_s1,255000,68.6
gen,rus-eng_s1,256000,68.6
gen,rus-eng_s1,257000,68.6
gen,rus-eng_s1,258000,68.7
gen,rus-eng_s1,259000,68.7
gen,rus-eng_s1,260000,68.7
gen,rus-eng_s1,26000,64.3
gen,rus-eng_s1,261000,68.7
gen,rus-eng_s1,262000,68.6
gen,rus-eng_s1,263000,68.6
gen,rus-eng_s1,264000,68.6
gen,rus-eng_s1,265000,68.6
gen,rus-eng_s1,266000,68.6
gen,rus-eng_s1,267000,68.7
gen,rus-eng_s1,268000,68.7
gen,rus-eng_s1,269000,68.7
gen,rus-eng_s1,270000,68.7
gen,rus-eng_s1,27000,64.5
gen,rus-eng_s1,271000,68.7
gen,rus-eng_s1,272000,68.7
gen,rus-eng_s1,273000,68.7
gen,rus-eng_s1,274000,68.7
gen,rus-eng_s1,275000,68.7
gen,rus-eng_s1,276000,68.7
gen,rus-eng_s1,277000,68.7
gen,rus-eng_s1,278000,68.6
gen,rus-eng_s1,279000,68.6
gen,rus-eng_s1,280000,68.6
gen,rus-eng_s1,28000,64.7
gen,rus-eng_s1,281000,68.6
gen,rus-eng_s1,282000,68.6
gen,rus-eng_s1,283000,68.6
gen,rus-eng_s1,284000,68.6
gen,rus-eng_s1,285000,68.6
gen,rus-eng_s1,286000,68.6
gen,rus-eng_s1,287000,68.6
gen,rus-eng_s1,288000,68.6
gen,rus-eng_s1,289000,68.6
gen,rus-eng_s1,290000,68.6
gen,rus-eng_s1,29000,64.9
gen,rus-eng_s1,291000,68.6
gen,rus-eng_s1,292000,68.6
gen,rus-eng_s1,293000,68.6
gen,rus-eng_s1,294000,68.6
gen,rus-eng_s1,295000,68.6
gen,rus-eng_s1,296000,68.6
gen,rus-eng_s1,297000,68.6
gen,rus-eng_s1,298000,68.6
gen,rus-eng_s1,299000,68.6
gen,rus-eng_s1,300000,68.6
gen,rus-eng_s1,30000,65.1
gen,rus-eng_s1,3000,12.9
gen,rus-eng_s1,301000,68.6
gen,rus-eng_s1,302000,68.7
gen,rus-eng_s1,303000,68.6
gen,rus-eng_s1,304000,68.7
gen,rus-eng_s1,305000,68.7
gen,rus-eng_s1,306000,68.7
gen,rus-eng_s1,307000,68.7
gen,rus-eng_s1,308000,68.7
gen,rus-eng_s1,309000,68.7
gen,rus-eng_s1,310000,68.7
gen,rus-eng_s1,31000,65.3
gen,rus-eng_s1,311000,68.7
gen,rus-eng_s1,312000,68.7
gen,rus-eng_s1,313000,68.7
gen,rus-eng_s1,314000,68.7
gen,rus-eng_s1,315000,68.7
gen,rus-eng_s1,316000,68.7
gen,rus-eng_s1,317000,68.7
gen,rus-eng_s1,318000,68.7
gen,rus-eng_s1,319000,68.7
gen,rus-eng_s1,320000,68.7
gen,rus-eng_s1,32000,65.4
gen,rus-eng_s1,321000,68.7
gen,rus-eng_s1,322000,68.7
gen,rus-eng_s1,323000,68.7
gen,rus-eng_s1,324000,68.7
gen,rus-eng_s1,325000,68.7
gen,rus-eng_s1,326000,68.7
gen,rus-eng_s1,327000,68.7
gen,rus-eng_s1,328000,68.7
gen,rus-eng_s1,329000,68.7
gen,rus-eng_s1,330000,68.7
gen,rus-eng_s1,33000,65.6
gen,rus-eng_s1,331000,68.7
gen,rus-eng_s1,332000,68.7
gen,rus-eng_s1,333000,68.7
gen,rus-eng_s1,334000,68.7
gen,rus-eng_s1,335000,68.7
gen,rus-eng_s1,336000,68.7
gen,rus-eng_s1,337000,68.7
gen,rus-eng_s1,338000,68.7
gen,rus-eng_s1,339000,68.7
gen,rus-eng_s1,340000,68.7
gen,rus-eng_s1,34000,65.8
gen,rus-eng_s1,341000,68.7
gen,rus-eng_s1,342000,68.7
gen,rus-eng_s1,343000,68.7
gen,rus-eng_s1,344000,68.7
gen,rus-eng_s1,345000,68.7
gen,rus-eng_s1,346000,68.7
gen,rus-eng_s1,347000,68.7
gen,rus-eng_s1,348000,68.7
gen,rus-eng_s1,349000,68.7
gen,rus-eng_s1,350000,68.6
gen,rus-eng_s1,35000,65.9
gen,rus-eng_s1,351000,68.6
gen,rus-eng_s1,352000,68.6
gen,rus-eng_s1,353000,68.7
gen,rus-eng_s1,354000,68.7
gen,rus-eng_s1,355000,68.7
gen,rus-eng_s1,356000,68.7
gen,rus-eng_s1,357000,68.7
gen,rus-eng_s1,358000,68.7
gen,rus-eng_s1,359000,68.7
gen,rus-eng_s1,360000,68.7
gen,rus-eng_s1,36000,66.0
gen,rus-eng_s1,361000,68.7
gen,rus-eng_s1,362000,68.7
gen,rus-eng_s1,363000,68.7
gen,rus-eng_s1,364000,68.7
gen,rus-eng_s1,365000,68.7
gen,rus-eng_s1,366000,68.7
gen,rus-eng_s1,367000,68.7
gen,rus-eng_s1,368000,68.7
gen,rus-eng_s1,369000,68.7
gen,rus-eng_s1,370000,68.7
gen,rus-eng_s1,37000,66.1
gen,rus-eng_s1,371000,68.7
gen,rus-eng_s1,372000,68.7
gen,rus-eng_s1,373000,68.7
gen,rus-eng_s1,374000,68.7
gen,rus-eng_s1,375000,68.7
gen,rus-eng_s1,376000,68.7
gen,rus-eng_s1,377000,68.7
gen,rus-eng_s1,378000,68.7
gen,rus-eng_s1,379000,68.7
gen,rus-eng_s1,380000,68.7
gen,rus-eng_s1,38000,66.2
gen,rus-eng_s1,381000,68.7
gen,rus-eng_s1,382000,68.7
gen,rus-eng_s1,383000,68.6
gen,rus-eng_s1,384000,68.7
gen,rus-eng_s1,385000,68.6
gen,rus-eng_s1,386000,68.6
gen,rus-eng_s1,387000,68.7
gen,rus-eng_s1,388000,68.7
gen,rus-eng_s1,389000,68.7
gen,rus-eng_s1,390000,68.7
gen,rus-eng_s1,39000,66.3
gen,rus-eng_s1,391000,68.7
gen,rus-eng_s1,392000,68.7
gen,rus-eng_s1,393000,68.7
gen,rus-eng_s1,394000,68.7
gen,rus-eng_s1,395000,68.6
gen,rus-eng_s1,396000,68.6
gen,rus-eng_s1,397000,68.6
gen,rus-eng_s1,398000,68.6
gen,rus-eng_s1,399000,68.6
gen,rus-eng_s1,400000,68.7
gen,rus-eng_s1,40000,66.4
gen,rus-eng_s1,4000,15.0
gen,rus-eng_s1,401000,68.7
gen,rus-eng_s1,402000,68.6
gen,rus-eng_s1,403000,68.6
gen,rus-eng_s1,404000,68.6
gen,rus-eng_s1,405000,68.6
gen,rus-eng_s1,406000,68.7
gen,rus-eng_s1,407000,68.7
gen,rus-eng_s1,408000,68.7
gen,rus-eng_s1,409000,68.7
gen,rus-eng_s1,410000,68.7
gen,rus-eng_s1,41000,66.5
gen,rus-eng_s1,411000,68.7
gen,rus-eng_s1,412000,68.7
gen,rus-eng_s1,413000,68.7
gen,rus-eng_s1,414000,68.7
gen,rus-eng_s1,415000,68.7
gen,rus-eng_s1,416000,68.7
gen,rus-eng_s1,417000,68.7
gen,rus-eng_s1,418000,68.7
gen,rus-eng_s1,419000,68.7
gen,rus-eng_s1,420000,68.7
gen,rus-eng_s1,42000,66.6
gen,rus-eng_s1,421000,68.7
gen,rus-eng_s1,422000,68.7
gen,rus-eng_s1,423000,68.7
gen,rus-eng_s1,424000,68.7
gen,rus-eng_s1,425000,68.7
gen,rus-eng_s1,426000,68.7
gen,rus-eng_s1,427000,68.7
gen,rus-eng_s1,428000,68.7
gen,rus-eng_s1,429000,68.7
gen,rus-eng_s1,430000,68.7
gen,rus-eng_s1,43000,66.7
gen,rus-eng_s1,431000,68.7
gen,rus-eng_s1,432000,68.7
gen,rus-eng_s1,433000,68.7
gen,rus-eng_s1,434000,68.7
gen,rus-eng_s1,435000,68.7
gen,rus-eng_s1,436000,68.7
gen,rus-eng_s1,437000,68.7
gen,rus-eng_s1,438000,68.7
gen,rus-eng_s1,439000,68.7
gen,rus-eng_s1,440000,68.7
gen,rus-eng_s1,44000,66.7
gen,rus-eng_s1,441000,68.7
gen,rus-eng_s1,442000,68.7
gen,rus-eng_s1,443000,68.6
gen,rus-eng_s1,444000,68.6
gen,rus-eng_s1,445000,68.7
gen,rus-eng_s1,446000,68.7
gen,rus-eng_s1,447000,68.6
gen,rus-eng_s1,448000,68.6
gen,rus-eng_s1,449000,68.6
gen,rus-eng_s1,450000,68.6
gen,rus-eng_s1,45000,66.8
gen,rus-eng_s1,451000,68.7
gen,rus-eng_s1,452000,68.7
gen,rus-eng_s1,453000,68.7
gen,rus-eng_s1,454000,68.7
gen,rus-eng_s1,455000,68.7
gen,rus-eng_s1,456000,68.7
gen,rus-eng_s1,457000,68.7
gen,rus-eng_s1,458000,68.7
gen,rus-eng_s1,459000,68.7
gen,rus-eng_s1,460000,68.7
gen,rus-eng_s1,46000,66.9
gen,rus-eng_s1,461000,68.7
gen,rus-eng_s1,462000,68.7
gen,rus-eng_s1,463000,68.7
gen,rus-eng_s1,464000,68.7
gen,rus-eng_s1,465000,68.7
gen,rus-eng_s1,466000,68.7
gen,rus-eng_s1,467000,68.7
gen,rus-eng_s1,468000,68.7
gen,rus-eng_s1,469000,68.7
gen,rus-eng_s1,470000,68.7
gen,rus-eng_s1,47000,67.0
gen,rus-eng_s1,471000,68.7
gen,rus-eng_s1,472000,68.7
gen,rus-eng_s1,473000,68.6
gen,rus-eng_s1,474000,68.6
gen,rus-eng_s1,475000,68.6
gen,rus-eng_s1,476000,68.6
gen,rus-eng_s1,477000,68.6
gen,rus-eng_s1,478000,68.6
gen,rus-eng_s1,479000,68.6
gen,rus-eng_s1,480000,68.6
gen,rus-eng_s1,48000,67.0
gen,rus-eng_s1,481000,68.6
gen,rus-eng_s1,482000,68.6
gen,rus-eng_s1,483000,68.6
gen,rus-eng_s1,484000,68.6
gen,rus-eng_s1,485000,68.6
gen,rus-eng_s1,486000,68.6
gen,rus-eng_s1,487000,68.6
gen,rus-eng_s1,488000,68.5
gen,rus-eng_s1,489000,68.5
gen,rus-eng_s1,490000,68.6
gen,rus-eng_s1,49000,67.0
gen,rus-eng_s1,491000,68.5
gen,rus-eng_s1,492000,68.5
gen,rus-eng_s1,493000,68.6
gen,rus-eng_s1,494000,68.5
gen,rus-eng_s1,495000,68.5
gen,rus-eng_s1,496000,68.5
gen,rus-eng_s1,497000,68.5
gen,rus-eng_s1,498000,68.5
gen,rus-eng_s1,499000,68.5
gen,rus-eng_s1,500000,68.5
gen,rus-eng_s1,50000,67.1
gen,rus-eng_s1,5000,17.9
gen,rus-eng_s1,501000,68.5
gen,rus-eng_s1,502000,68.5
gen,rus-eng_s1,503000,68.5
gen,rus-eng_s1,504000,68.6
gen,rus-eng_s1,505000,68.6
gen,rus-eng_s1,506000,68.6
gen,rus-eng_s1,507000,68.6
gen,rus-eng_s1,508000,68.6
gen,rus-eng_s1,509000,68.6
gen,rus-eng_s1,510000,68.6
gen,rus-eng_s1,51000,67.1
gen,rus-eng_s1,511000,68.6
gen,rus-eng_s1,512000,68.6
gen,rus-eng_s1,513000,68.6
gen,rus-eng_s1,514000,68.6
gen,rus-eng_s1,515000,68.6
gen,rus-eng_s1,516000,68.6
gen,rus-eng_s1,517000,68.6
gen,rus-eng_s1,518000,68.6
gen,rus-eng_s1,519000,68.7
gen,rus-eng_s1,520000,68.7
gen,rus-eng_s1,52000,67.2
gen,rus-eng_s1,521000,68.7
gen,rus-eng_s1,522000,68.7
gen,rus-eng_s1,523000,68.7
gen,rus-eng_s1,524000,68.7
gen,rus-eng_s1,525000,68.7
gen,rus-eng_s1,526000,68.7
gen,rus-eng_s1,527000,68.6
gen,rus-eng_s1,528000,68.6
gen,rus-eng_s1,529000,68.6
gen,rus-eng_s1,530000,68.6
gen,rus-eng_s1,53000,67.2
gen,rus-eng_s1,531000,68.6
gen,rus-eng_s1,532000,68.6
gen,rus-eng_s1,533000,68.6
gen,rus-eng_s1,534000,68.6
gen,rus-eng_s1,535000,68.6
gen,rus-eng_s1,536000,68.6
gen,rus-eng_s1,537000,68.6
gen,rus-eng_s1,538000,68.6
gen,rus-eng_s1,539000,68.6
gen,rus-eng_s1,540000,68.6
gen,rus-eng_s1,54000,67.2
gen,rus-eng_s1,541000,68.6
gen,rus-eng_s1,542000,68.6
gen,rus-eng_s1,543000,68.6
gen,rus-eng_s1,544000,68.6
gen,rus-eng_s1,545000,68.6
gen,rus-eng_s1,546000,68.6
gen,rus-eng_s1,547000,68.6
gen,rus-eng_s1,548000,68.6
gen,rus-eng_s1,549000,68.6
gen,rus-eng_s1,550000,68.6
gen,rus-eng_s1,55000,67.3
gen,rus-eng_s1,551000,68.7
gen,rus-eng_s1,552000,68.6
gen,rus-eng_s1,553000,68.6
gen,rus-eng_s1,554000,68.7
gen,rus-eng_s1,555000,68.6
gen,rus-eng_s1,556000,68.6
gen,rus-eng_s1,557000,68.6
gen,rus-eng_s1,558000,68.6
gen,rus-eng_s1,559000,68.6
gen,rus-eng_s1,560000,68.6
gen,rus-eng_s1,56000,67.3
gen,rus-eng_s1,561000,68.6
gen,rus-eng_s1,562000,68.6
gen,rus-eng_s1,563000,68.6
gen,rus-eng_s1,564000,68.6
gen,rus-eng_s1,565000,68.6
gen,rus-eng_s1,566000,68.6
gen,rus-eng_s1,567000,68.6
gen,rus-eng_s1,568000,68.6
gen,rus-eng_s1,569000,68.6
gen,rus-eng_s1,570000,68.6
gen,rus-eng_s1,57000,67.3
gen,rus-eng_s1,571000,68.6
gen,rus-eng_s1,572000,68.6
gen,rus-eng_s1,573000,68.6
gen,rus-eng_s1,574000,68.6
gen,rus-eng_s1,575000,68.6
gen,rus-eng_s1,576000,68.6
gen,rus-eng_s1,577000,68.6
gen,rus-eng_s1,578000,68.6
gen,rus-eng_s1,579000,68.6
gen,rus-eng_s1,580000,68.6
gen,rus-eng_s1,58000,67.4
gen,rus-eng_s1,581000,68.6
gen,rus-eng_s1,582000,68.5
gen,rus-eng_s1,583000,68.5
gen,rus-eng_s1,584000,68.5
gen,rus-eng_s1,585000,68.6
gen,rus-eng_s1,586000,68.5
gen,rus-eng_s1,587000,68.5
gen,rus-eng_s1,588000,68.5
gen,rus-eng_s1,589000,68.5
gen,rus-eng_s1,590000,68.5
gen,rus-eng_s1,59000,67.5
gen,rus-eng_s1,591000,68.5
gen,rus-eng_s1,592000,68.6
gen,rus-eng_s1,593000,68.5
gen,rus-eng_s1,594000,68.6
gen,rus-eng_s1,595000,68.6
gen,rus-eng_s1,60000,67.5
gen,rus-eng_s1,6000,21.9
gen,rus-eng_s1,61000,67.5
gen,rus-eng_s1,62000,67.6
gen,rus-eng_s1,63000,67.5
gen,rus-eng_s1,64000,67.6
gen,rus-eng_s1,65000,67.6
gen,rus-eng_s1,66000,67.6
gen,rus-eng_s1,67000,67.6
gen,rus-eng_s1,68000,67.6
gen,rus-eng_s1,69000,67.7
gen,rus-eng_s1,70000,67.7
gen,rus-eng_s1,7000,30.6
gen,rus-eng_s1,71000,67.8
gen,rus-eng_s1,72000,67.8
gen,rus-eng_s1,73000,67.8
gen,rus-eng_s1,74000,67.8
gen,rus-eng_s1,75000,67.9
gen,rus-eng_s1,76000,67.9
gen,rus-eng_s1,77000,67.9
gen,rus-eng_s1,78000,67.9
gen,rus-eng_s1,79000,67.9
gen,rus-eng_s1,80000,67.9
gen,rus-eng_s1,8000,41.5
gen,rus-eng_s1,81000,67.9
gen,rus-eng_s1,82000,67.9
gen,rus-eng_s1,83000,67.9
gen,rus-eng_s1,84000,67.9
gen,rus-eng_s1,85000,67.9
gen,rus-eng_s1,86000,67.9
gen,rus-eng_s1,87000,67.9
gen,rus-eng_s1,88000,67.9
gen,rus-eng_s1,89000,68.0
gen,rus-eng_s1,90000,68.0
gen,rus-eng_s1,9000,47.7
gen,rus-eng_s1,91000,68.0
gen,rus-eng_s1,92000,68.0
gen,rus-eng_s1,93000,68.0
gen,rus-eng_s1,94000,68.0
gen,rus-eng_s1,95000,68.0
gen,rus-eng_s1,96000,68.0
gen,rus-eng_s1,97000,68.0
gen,rus-eng_s1,98000,68.1
gen,rus-eng_s1,99000,68.0
gen,rus-eng_s2,100000,67.7
gen,rus-eng_s2,10000,51.6
gen,rus-eng_s2,1000,5.6
gen,rus-eng_s2,101000,67.8
gen,rus-eng_s2,102000,67.8
gen,rus-eng_s2,103000,67.9
gen,rus-eng_s2,104000,67.9
gen,rus-eng_s2,105000,68.0
gen,rus-eng_s2,106000,68.0
gen,rus-eng_s2,107000,68.1
gen,rus-eng_s2,108000,68.1
gen,rus-eng_s2,109000,68.2
gen,rus-eng_s2,110000,68.2
gen,rus-eng_s2,11000,53.8
gen,rus-eng_s2,111000,68.3
gen,rus-eng_s2,112000,68.3
gen,rus-eng_s2,113000,68.3
gen,rus-eng_s2,114000,68.3
gen,rus-eng_s2,115000,68.3
gen,rus-eng_s2,116000,68.3
gen,rus-eng_s2,117000,68.3
gen,rus-eng_s2,118000,68.3
gen,rus-eng_s2,119000,68.3
gen,rus-eng_s2,120000,68.3
gen,rus-eng_s2,12000,55.6
gen,rus-eng_s2,121000,68.3
gen,rus-eng_s2,122000,68.3
gen,rus-eng_s2,123000,68.4
gen,rus-eng_s2,124000,68.4
gen,rus-eng_s2,125000,68.4
gen,rus-eng_s2,126000,68.4
gen,rus-eng_s2,127000,68.4
gen,rus-eng_s2,128000,68.4
gen,rus-eng_s2,129000,68.4
gen,rus-eng_s2,130000,68.4
gen,rus-eng_s2,13000,57.0
gen,rus-eng_s2,131000,68.5
gen,rus-eng_s2,132000,68.5
gen,rus-eng_s2,133000,68.5
gen,rus-eng_s2,134000,68.5
gen,rus-eng_s2,135000,68.5
gen,rus-eng_s2,136000,68.5
gen,rus-eng_s2,137000,68.5
gen,rus-eng_s2,138000,68.5
gen,rus-eng_s2,139000,68.5
gen,rus-eng_s2,140000,68.5
gen,rus-eng_s2,14000,58.1
gen,rus-eng_s2,141000,68.6
gen,rus-eng_s2,142000,68.5
gen,rus-eng_s2,143000,68.6
gen,rus-eng_s2,144000,68.6
gen,rus-eng_s2,145000,68.6
gen,rus-eng_s2,146000,68.6
gen,rus-eng_s2,147000,68.6
gen,rus-eng_s2,148000,68.6
gen,rus-eng_s2,149000,68.7
gen,rus-eng_s2,150000,68.6
gen,rus-eng_s2,15000,59.2
gen,rus-eng_s2,151000,68.6
gen,rus-eng_s2,152000,68.6
gen,rus-eng_s2,153000,68.6
gen,rus-eng_s2,154000,68.6
gen,rus-eng_s2,155000,68.6
gen,rus-eng_s2,156000,68.6
gen,rus-eng_s2,157000,68.6
gen,rus-eng_s2,158000,68.6
gen,rus-eng_s2,159000,68.6
gen,rus-eng_s2,160000,68.6
gen,rus-eng_s2,16000,60.0
gen,rus-eng_s2,161000,68.6
gen,rus-eng_s2,162000,68.6
gen,rus-eng_s2,163000,68.6
gen,rus-eng_s2,164000,68.6
gen,rus-eng_s2,165000,68.6
gen,rus-eng_s2,166000,68.6
gen,rus-eng_s2,167000,68.6
gen,rus-eng_s2,168000,68.5
gen,rus-eng_s2,169000,68.5
gen,rus-eng_s2,170000,68.5
gen,rus-eng_s2,17000,60.9
gen,rus-eng_s2,171000,68.5
gen,rus-eng_s2,172000,68.6
gen,rus-eng_s2,173000,68.6
gen,rus-eng_s2,174000,68.6
gen,rus-eng_s2,175000,68.6
gen,rus-eng_s2,176000,68.6
gen,rus-eng_s2,177000,68.7
gen,rus-eng_s2,178000,68.6
gen,rus-eng_s2,179000,68.6
gen,rus-eng_s2,180000,68.6
gen,rus-eng_s2,18000,61.5
gen,rus-eng_s2,181000,68.6
gen,rus-eng_s2,182000,68.6
gen,rus-eng_s2,183000,68.6
gen,rus-eng_s2,184000,68.6
gen,rus-eng_s2,185000,68.6
gen,rus-eng_s2,186000,68.6
gen,rus-eng_s2,187000,68.6
gen,rus-eng_s2,188000,68.6
gen,rus-eng_s2,189000,68.6
gen,rus-eng_s2,190000,68.6
gen,rus-eng_s2,19000,62.1
gen,rus-eng_s2,191000,68.6
gen,rus-eng_s2,192000,68.6
gen,rus-eng_s2,193000,68.6
gen,rus-eng_s2,194000,68.5
gen,rus-eng_s2,195000,68.5
gen,rus-eng_s2,196000,68.5
gen,rus-eng_s2,197000,68.6
gen,rus-eng_s2,198000,68.5
gen,rus-eng_s2,199000,68.5
gen,rus-eng_s2,200000,68.5
gen,rus-eng_s2,20000,62.6
gen,rus-eng_s2,2000,9.0
gen,rus-eng_s2,201000,68.5
gen,rus-eng_s2,202000,68.5
gen,rus-eng_s2,203000,68.5
gen,rus-eng_s2,204000,68.5
gen,rus-eng_s2,205000,68.5
gen,rus-eng_s2,206000,68.5
gen,rus-eng_s2,207000,68.5
gen,rus-eng_s2,208000,68.5
gen,rus-eng_s2,209000,68.5
gen,rus-eng_s2,210000,68.5
gen,rus-eng_s2,21000,63.1
gen,rus-eng_s2,211000,68.4
gen,rus-eng_s2,212000,68.4
gen,rus-eng_s2,213000,68.5
gen,rus-eng_s2,214000,68.4
gen,rus-eng_s2,215000,68.4
gen,rus-eng_s2,216000,68.4
gen,rus-eng_s2,217000,68.5
gen,rus-eng_s2,218000,68.5
gen,rus-eng_s2,219000,68.5
gen,rus-eng_s2,220000,68.5
gen,rus-eng_s2,22000,63.5
gen,rus-eng_s2,221000,68.5
gen,rus-eng_s2,222000,68.5
gen,rus-eng_s2,223000,68.6
gen,rus-eng_s2,224000,68.6
gen,rus-eng_s2,225000,68.6
gen,rus-eng_s2,226000,68.6
gen,rus-eng_s2,227000,68.6
gen,rus-eng_s2,228000,68.6
gen,rus-eng_s2,229000,68.6
gen,rus-eng_s2,230000,68.6
gen,rus-eng_s2,23000,63.8
gen,rus-eng_s2,231000,68.7
gen,rus-eng_s2,232000,68.7
gen,rus-eng_s2,233000,68.7
gen,rus-eng_s2,234000,68.7
gen,rus-eng_s2,235000,68.7
gen,rus-eng_s2,236000,68.7
gen,rus-eng_s2,237000,68.7
gen,rus-eng_s2,238000,68.7
gen,rus-eng_s2,239000,68.7
gen,rus-eng_s2,240000,68.7
gen,rus-eng_s2,24000,64.1
gen,rus-eng_s2,241000,68.7
gen,rus-eng_s2,242000,68.7
gen,rus-eng_s2,243000,68.7
gen,rus-eng_s2,244000,68.8
gen,rus-eng_s2,245000,68.7
gen,rus-eng_s2,246000,68.7
gen,rus-eng_s2,247000,68.8
gen,rus-eng_s2,248000,68.8
gen,rus-eng_s2,249000,68.8
gen,rus-eng_s2,250000,68.8
gen,rus-eng_s2,25000,64.3
gen,rus-eng_s2,251000,68.8
gen,rus-eng_s2,252000,68.8
gen,rus-eng_s2,253000,68.8
gen,rus-eng_s2,254000,68.7
gen,rus-eng_s2,255000,68.7
gen,rus-eng_s2,256000,68.8
gen,rus-eng_s2,257000,68.8
gen,rus-eng_s2,258000,68.8
gen,rus-eng_s2,259000,68.8
gen,rus-eng_s2,260000,68.8
gen,rus-eng_s2,26000,64.4
gen,rus-eng_s2,261000,68.8
gen,rus-eng_s2,262000,68.8
gen,rus-eng_s2,263000,68.8
gen,rus-eng_s2,264000,68.8
gen,rus-eng_s2,265000,68.8
gen,rus-eng_s2,266000,68.8
gen,rus-eng_s2,267000,68.8
gen,rus-eng_s2,268000,68.8
gen,rus-eng_s2,269000,68.8
gen,rus-eng_s2,270000,68.8
gen,rus-eng_s2,27000,64.7
gen,rus-eng_s2,271000,68.7
gen,rus-eng_s2,272000,68.7
gen,rus-eng_s2,273000,68.7
gen,rus-eng_s2,274000,68.7
gen,rus-eng_s2,275000,68.7
gen,rus-eng_s2,276000,68.7
gen,rus-eng_s2,277000,68.7
gen,rus-eng_s2,278000,68.7
gen,rus-eng_s2,279000,68.7
gen,rus-eng_s2,280000,68.7
gen,rus-eng_s2,28000,65.0
gen,rus-eng_s2,281000,68.7
gen,rus-eng_s2,282000,68.7
gen,rus-eng_s2,283000,68.6
gen,rus-eng_s2,284000,68.6
gen,rus-eng_s2,285000,68.6
gen,rus-eng_s2,286000,68.6
gen,rus-eng_s2,287000,68.6
gen,rus-eng_s2,288000,68.6
gen,rus-eng_s2,289000,68.6
gen,rus-eng_s2,290000,68.6
gen,rus-eng_s2,29000,65.1
gen,rus-eng_s2,291000,68.6
gen,rus-eng_s2,292000,68.5
gen,rus-eng_s2,293000,68.5
gen,rus-eng_s2,294000,68.5
gen,rus-eng_s2,295000,68.5
gen,rus-eng_s2,296000,68.5
gen,rus-eng_s2,297000,68.5
gen,rus-eng_s2,298000,68.5
gen,rus-eng_s2,299000,68.5
gen,rus-eng_s2,300000,68.5
gen,rus-eng_s2,30000,65.3
gen,rus-eng_s2,3000,12.7
gen,rus-eng_s2,301000,68.5
gen,rus-eng_s2,302000,68.5
gen,rus-eng_s2,303000,68.5
gen,rus-eng_s2,304000,68.5
gen,rus-eng_s2,305000,68.6
gen,rus-eng_s2,306000,68.6
gen,rus-eng_s2,307000,68.5
gen,rus-eng_s2,308000,68.6
gen,rus-eng_s2,309000,68.6
gen,rus-eng_s2,310000,68.6
gen,rus-eng_s2,31000,65.4
gen,rus-eng_s2,311000,68.6
gen,rus-eng_s2,312000,68.6
gen,rus-eng_s2,313000,68.6
gen,rus-eng_s2,314000,68.6
gen,rus-eng_s2,315000,68.6
gen,rus-eng_s2,316000,68.7
gen,rus-eng_s2,317000,68.7
gen,rus-eng_s2,318000,68.7
gen,rus-eng_s2,319000,68.8
gen,rus-eng_s2,320000,68.8
gen,rus-eng_s2,32000,65.5
gen,rus-eng_s2,321000,68.7
gen,rus-eng_s2,322000,68.8
gen,rus-eng_s2,323000,68.8
gen,rus-eng_s2,324000,68.8
gen,rus-eng_s2,325000,68.8
gen,rus-eng_s2,326000,68.8
gen,rus-eng_s2,327000,68.8
gen,rus-eng_s2,328000,68.8
gen,rus-eng_s2,329000,68.8
gen,rus-eng_s2,330000,68.8
gen,rus-eng_s2,33000,65.7
gen,rus-eng_s2,331000,68.8
gen,rus-eng_s2,332000,68.8
gen,rus-eng_s2,333000,68.8
gen,rus-eng_s2,334000,68.8
gen,rus-eng_s2,335000,68.8
gen,rus-eng_s2,336000,68.8
gen,rus-eng_s2,337000,68.8
gen,rus-eng_s2,338000,68.8
gen,rus-eng_s2,339000,68.8
gen,rus-eng_s2,340000,68.8
gen,rus-eng_s2,34000,65.8
gen,rus-eng_s2,341000,68.8
gen,rus-eng_s2,342000,68.8
gen,rus-eng_s2,343000,68.8
gen,rus-eng_s2,344000,68.8
gen,rus-eng_s2,345000,68.8
gen,rus-eng_s2,346000,68.8
gen,rus-eng_s2,347000,68.8
gen,rus-eng_s2,348000,68.8
gen,rus-eng_s2,349000,68.8
gen,rus-eng_s2,350000,68.8
gen,rus-eng_s2,35000,65.9
gen,rus-eng_s2,351000,68.8
gen,rus-eng_s2,352000,68.8
gen,rus-eng_s2,353000,68.9
gen,rus-eng_s2,354000,68.8
gen,rus-eng_s2,355000,68.9
gen,rus-eng_s2,356000,68.9
gen,rus-eng_s2,357000,68.9
gen,rus-eng_s2,358000,68.9
gen,rus-eng_s2,359000,68.9
gen,rus-eng_s2,360000,68.9
gen,rus-eng_s2,36000,66.1
gen,rus-eng_s2,361000,68.9
gen,rus-eng_s2,362000,68.9
gen,rus-eng_s2,363000,68.8
gen,rus-eng_s2,364000,68.8
gen,rus-eng_s2,365000,68.8
gen,rus-eng_s2,366000,68.8
gen,rus-eng_s2,367000,68.9
gen,rus-eng_s2,368000,68.9
gen,rus-eng_s2,369000,68.9
gen,rus-eng_s2,370000,68.8
gen,rus-eng_s2,37000,66.2
gen,rus-eng_s2,371000,68.8
gen,rus-eng_s2,372000,68.8
gen,rus-eng_s2,373000,68.9
gen,rus-eng_s2,374000,68.8
gen,rus-eng_s2,375000,68.8
gen,rus-eng_s2,376000,68.8
gen,rus-eng_s2,377000,68.8
gen,rus-eng_s2,378000,68.9
gen,rus-eng_s2,379000,68.8
gen,rus-eng_s2,380000,68.9
gen,rus-eng_s2,38000,66.3
gen,rus-eng_s2,381000,68.8
gen,rus-eng_s2,382000,68.8
gen,rus-eng_s2,383000,68.7
gen,rus-eng_s2,384000,68.7
gen,rus-eng_s2,385000,68.7
gen,rus-eng_s2,386000,68.7
gen,rus-eng_s2,387000,68.7
gen,rus-eng_s2,388000,68.7
gen,rus-eng_s2,389000,68.7
gen,rus-eng_s2,390000,68.7
gen,rus-eng_s2,39000,66.4
gen,rus-eng_s2,391000,68.8
gen,rus-eng_s2,392000,68.8
gen,rus-eng_s2,393000,68.7
gen,rus-eng_s2,394000,68.7
gen,rus-eng_s2,395000,68.7
gen,rus-eng_s2,396000,68.7
gen,rus-eng_s2,397000,68.7
gen,rus-eng_s2,398000,68.7
gen,rus-eng_s2,399000,68.8
gen,rus-eng_s2,400000,68.8
gen,rus-eng_s2,40000,66.5
gen,rus-eng_s2,4000,14.9
gen,rus-eng_s2,401000,68.8
gen,rus-eng_s2,402000,68.7
gen,rus-eng_s2,403000,68.8
gen,rus-eng_s2,404000,68.7
gen,rus-eng_s2,405000,68.7
gen,rus-eng_s2,406000,68.7
gen,rus-eng_s2,407000,68.7
gen,rus-eng_s2,408000,68.7
gen,rus-eng_s2,409000,68.7
gen,rus-eng_s2,410000,68.7
gen,rus-eng_s2,41000,66.6
gen,rus-eng_s2,411000,68.7
gen,rus-eng_s2,412000,68.7
gen,rus-eng_s2,413000,68.8
gen,rus-eng_s2,414000,68.8
gen,rus-eng_s2,415000,68.8
gen,rus-eng_s2,416000,68.8
gen,rus-eng_s2,417000,68.7
gen,rus-eng_s2,418000,68.7
gen,rus-eng_s2,419000,68.7
gen,rus-eng_s2,420000,68.8
gen,rus-eng_s2,42000,66.7
gen,rus-eng_s2,421000,68.7
gen,rus-eng_s2,422000,68.7
gen,rus-eng_s2,423000,68.7
gen,rus-eng_s2,424000,68.7
gen,rus-eng_s2,425000,68.7
gen,rus-eng_s2,426000,68.7
gen,rus-eng_s2,427000,68.7
gen,rus-eng_s2,428000,68.7
gen,rus-eng_s2,429000,68.7
gen,rus-eng_s2,430000,68.7
gen,rus-eng_s2,43000,66.7
gen,rus-eng_s2,431000,68.7
gen,rus-eng_s2,432000,68.7
gen,rus-eng_s2,433000,68.7
gen,rus-eng_s2,434000,68.7
gen,rus-eng_s2,435000,68.7
gen,rus-eng_s2,436000,68.7
gen,rus-eng_s2,437000,68.7
gen,rus-eng_s2,438000,68.7
gen,rus-eng_s2,439000,68.7
gen,rus-eng_s2,440000,68.7
gen,rus-eng_s2,44000,66.8
gen,rus-eng_s2,441000,68.7
gen,rus-eng_s2,442000,68.7
gen,rus-eng_s2,443000,68.7
gen,rus-eng_s2,444000,68.7
gen,rus-eng_s2,445000,68.7
gen,rus-eng_s2,446000,68.7
gen,rus-eng_s2,447000,68.7
gen,rus-eng_s2,448000,68.7
gen,rus-eng_s2,449000,68.7
gen,rus-eng_s2,450000,68.7
gen,rus-eng_s2,45000,66.9
gen,rus-eng_s2,451000,68.7
gen,rus-eng_s2,452000,68.7
gen,rus-eng_s2,453000,68.7
gen,rus-eng_s2,454000,68.7
gen,rus-eng_s2,455000,68.7
gen,rus-eng_s2,456000,68.6
gen,rus-eng_s2,457000,68.6
gen,rus-eng_s2,458000,68.6
gen,rus-eng_s2,459000,68.6
gen,rus-eng_s2,460000,68.6
gen,rus-eng_s2,46000,67.0
gen,rus-eng_s2,461000,68.6
gen,rus-eng_s2,462000,68.6
gen,rus-eng_s2,463000,68.6
gen,rus-eng_s2,464000,68.6
gen,rus-eng_s2,465000,68.5
gen,rus-eng_s2,466000,68.6
gen,rus-eng_s2,467000,68.6
gen,rus-eng_s2,468000,68.6
gen,rus-eng_s2,469000,68.5
gen,rus-eng_s2,470000,68.5
gen,rus-eng_s2,47000,67.1
gen,rus-eng_s2,471000,68.5
gen,rus-eng_s2,472000,68.5
gen,rus-eng_s2,473000,68.5
gen,rus-eng_s2,474000,68.5
gen,rus-eng_s2,475000,68.5
gen,rus-eng_s2,476000,68.5
gen,rus-eng_s2,477000,68.5
gen,rus-eng_s2,478000,68.5
gen,rus-eng_s2,479000,68.5
gen,rus-eng_s2,480000,68.5
gen,rus-eng_s2,48000,67.1
gen,rus-eng_s2,481000,68.5
gen,rus-eng_s2,482000,68.5
gen,rus-eng_s2,483000,68.5
gen,rus-eng_s2,484000,68.5
gen,rus-eng_s2,485000,68.5
gen,rus-eng_s2,486000,68.5
gen,rus-eng_s2,487000,68.5
gen,rus-eng_s2,488000,68.5
gen,rus-eng_s2,489000,68.5
gen,rus-eng_s2,490000,68.5
gen,rus-eng_s2,49000,67.1
gen,rus-eng_s2,491000,68.5
gen,rus-eng_s2,492000,68.6
gen,rus-eng_s2,493000,68.6
gen,rus-eng_s2,494000,68.5
gen,rus-eng_s2,495000,68.5
gen,rus-eng_s2,496000,68.6
gen,rus-eng_s2,497000,68.6
gen,rus-eng_s2,498000,68.6
gen,rus-eng_s2,499000,68.6
gen,rus-eng_s2,500000,68.6
gen,rus-eng_s2,50000,67.2
gen,rus-eng_s2,5000,17.9
gen,rus-eng_s2,501000,68.6
gen,rus-eng_s2,502000,68.6
gen,rus-eng_s2,503000,68.6
gen,rus-eng_s2,504000,68.6
gen,rus-eng_s2,505000,68.6
gen,rus-eng_s2,506000,68.7
gen,rus-eng_s2,507000,68.6
gen,rus-eng_s2,508000,68.6
gen,rus-eng_s2,509000,68.6
gen,rus-eng_s2,510000,68.6
gen,rus-eng_s2,51000,67.2
gen,rus-eng_s2,511000,68.7
gen,rus-eng_s2,512000,68.7
gen,rus-eng_s2,513000,68.7
gen,rus-eng_s2,514000,68.7
gen,rus-eng_s2,515000,68.7
gen,rus-eng_s2,516000,68.7
gen,rus-eng_s2,517000,68.7
gen,rus-eng_s2,518000,68.7
gen,rus-eng_s2,519000,68.7
gen,rus-eng_s2,520000,68.7
gen,rus-eng_s2,52000,67.2
gen,rus-eng_s2,521000,68.7
gen,rus-eng_s2,522000,68.7
gen,rus-eng_s2,523000,68.7
gen,rus-eng_s2,524000,68.7
gen,rus-eng_s2,525000,68.7
gen,rus-eng_s2,526000,68.7
gen,rus-eng_s2,527000,68.7
gen,rus-eng_s2,528000,68.7
gen,rus-eng_s2,529000,68.7
gen,rus-eng_s2,530000,68.7
gen,rus-eng_s2,53000,67.3
gen,rus-eng_s2,531000,68.7
gen,rus-eng_s2,532000,68.7
gen,rus-eng_s2,533000,68.7
gen,rus-eng_s2,534000,68.8
gen,rus-eng_s2,535000,68.8
gen,rus-eng_s2,536000,68.8
gen,rus-eng_s2,537000,68.8
gen,rus-eng_s2,538000,68.8
gen,rus-eng_s2,539000,68.8
gen,rus-eng_s2,540000,68.8
gen,rus-eng_s2,54000,67.3
gen,rus-eng_s2,541000,68.8
gen,rus-eng_s2,542000,68.8
gen,rus-eng_s2,543000,68.8
gen,rus-eng_s2,544000,68.8
gen,rus-eng_s2,545000,68.8
gen,rus-eng_s2,546000,68.8
gen,rus-eng_s2,547000,68.8
gen,rus-eng_s2,548000,68.8
gen,rus-eng_s2,549000,68.8
gen,rus-eng_s2,550000,68.8
gen,rus-eng_s2,55000,67.3
gen,rus-eng_s2,551000,68.8
gen,rus-eng_s2,552000,68.8
gen,rus-eng_s2,553000,68.7
gen,rus-eng_s2,554000,68.7
gen,rus-eng_s2,555000,68.7
gen,rus-eng_s2,556000,68.7
gen,rus-eng_s2,557000,68.7
gen,rus-eng_s2,558000,68.7
gen,rus-eng_s2,559000,68.7
gen,rus-eng_s2,560000,68.7
gen,rus-eng_s2,56000,67.4
gen,rus-eng_s2,561000,68.7
gen,rus-eng_s2,562000,68.7
gen,rus-eng_s2,563000,68.7
gen,rus-eng_s2,564000,68.6
gen,rus-eng_s2,565000,68.6
gen,rus-eng_s2,566000,68.6
gen,rus-eng_s2,567000,68.7
gen,rus-eng_s2,568000,68.6
gen,rus-eng_s2,569000,68.7
gen,rus-eng_s2,570000,68.7
gen,rus-eng_s2,57000,67.5
gen,rus-eng_s2,571000,68.7
gen,rus-eng_s2,572000,68.7
gen,rus-eng_s2,573000,68.7
gen,rus-eng_s2,574000,68.7
gen,rus-eng_s2,575000,68.7
gen,rus-eng_s2,576000,68.7
gen,rus-eng_s2,577000,68.6
gen,rus-eng_s2,578000,68.7
gen,rus-eng_s2,579000,68.6
gen,rus-eng_s2,580000,68.7
gen,rus-eng_s2,58000,67.5
gen,rus-eng_s2,581000,68.7
gen,rus-eng_s2,582000,68.6
gen,rus-eng_s2,583000,68.6
gen,rus-eng_s2,584000,68.6
gen,rus-eng_s2,585000,68.6
gen,rus-eng_s2,586000,68.6
gen,rus-eng_s2,587000,68.6
gen,rus-eng_s2,588000,68.6
gen,rus-eng_s2,589000,68.6
gen,rus-eng_s2,590000,68.6
gen,rus-eng_s2,59000,67.5
gen,rus-eng_s2,591000,68.6
gen,rus-eng_s2,592000,68.6
gen,rus-eng_s2,593000,68.6
gen,rus-eng_s2,594000,68.6
gen,rus-eng_s2,595000,68.6
gen,rus-eng_s2,596000,68.5
gen,rus-eng_s2,597000,68.5
gen,rus-eng_s2,598000,68.5
gen,rus-eng_s2,599000,68.6
gen,rus-eng_s2,600000,68.5
gen,rus-eng_s2,60000,67.6
gen,rus-eng_s2,6000,22.1
gen,rus-eng_s2,601000,68.6
gen,rus-eng_s2,602000,68.6
gen,rus-eng_s2,603000,68.6
gen,rus-eng_s2,604000,68.6
gen,rus-eng_s2,605000,68.6
gen,rus-eng_s2,61000,67.6
gen,rus-eng_s2,62000,67.6
gen,rus-eng_s2,63000,67.6
gen,rus-eng_s2,64000,67.6
gen,rus-eng_s2,65000,67.6
gen,rus-eng_s2,66000,67.7
gen,rus-eng_s2,67000,67.7
gen,rus-eng_s2,68000,67.7
gen,rus-eng_s2,69000,67.7
gen,rus-eng_s2,70000,67.7
gen,rus-eng_s2,7000,30.8
gen,rus-eng_s2,71000,67.7
gen,rus-eng_s2,72000,67.8
gen,rus-eng_s2,73000,67.7
gen,rus-eng_s2,74000,67.8
gen,rus-eng_s2,75000,67.8
gen,rus-eng_s2,76000,67.8
gen,rus-eng_s2,77000,67.8
gen,rus-eng_s2,78000,67.8
gen,rus-eng_s2,79000,67.8
gen,rus-eng_s2,80000,67.8
gen,rus-eng_s2,8000,41.1
gen,rus-eng_s2,81000,67.8
gen,rus-eng_s2,82000,67.8
gen,rus-eng_s2,83000,67.8
gen,rus-eng_s2,84000,67.7
gen,rus-eng_s2,85000,67.7
gen,rus-eng_s2,86000,67.7
gen,rus-eng_s2,87000,67.7
gen,rus-eng_s2,88000,67.7
gen,rus-eng_s2,89000,67.6
gen,rus-eng_s2,90000,67.6
gen,rus-eng_s2,9000,48.2
gen,rus-eng_s2,91000,67.6
gen,rus-eng_s2,92000,67.6
gen,rus-eng_s2,93000,67.6
gen,rus-eng_s2,94000,67.5
gen,rus-eng_s2,95000,67.5
gen,rus-eng_s2,96000,67.5
gen,rus-eng_s2,97000,67.6
gen,rus-eng_s2,98000,67.6
gen,rus-eng_s2,99000,67.6
gen,sla-eng,100000,66.4
gen,sla-eng,10000,38.9
gen,sla-eng,1000,5.9
gen,sla-eng,101000,66.4
gen,sla-eng,102000,66.5
gen,sla-eng,103000,66.5
gen,sla-eng,104000,66.5
gen,sla-eng,105000,66.5
gen,sla-eng,106000,66.5
gen,sla-eng,107000,66.5
gen,sla-eng,108000,66.6
gen,sla-eng,109000,66.6
gen,sla-eng,110000,66.6
gen,sla-eng,11000,43.0
gen,sla-eng,111000,66.7
gen,sla-eng,112000,66.7
gen,sla-eng,113000,66.6
gen,sla-eng,114000,66.6
gen,sla-eng,115000,66.7
gen,sla-eng,116000,66.7
gen,sla-eng,117000,66.7
gen,sla-eng,118000,66.7
gen,sla-eng,119000,66.7
gen,sla-eng,120000,66.8
gen,sla-eng,12000,46.3
gen,sla-eng,121000,66.8
gen,sla-eng,122000,66.8
gen,sla-eng,123000,66.8
gen,sla-eng,124000,66.9
gen,sla-eng,125000,66.9
gen,sla-eng,126000,66.9
gen,sla-eng,127000,66.9
gen,sla-eng,128000,66.9
gen,sla-eng,129000,66.9
gen,sla-eng,130000,67.0
gen,sla-eng,13000,49.0
gen,sla-eng,131000,67.0
gen,sla-eng,132000,67.0
gen,sla-eng,133000,67.1
gen,sla-eng,134000,67.1
gen,sla-eng,135000,67.1
gen,sla-eng,136000,67.0
gen,sla-eng,137000,67.1
gen,sla-eng,138000,67.1
gen,sla-eng,139000,67.1
gen,sla-eng,140000,67.1
gen,sla-eng,14000,50.9
gen,sla-eng,141000,67.2
gen,sla-eng,142000,67.2
gen,sla-eng,143000,67.2
gen,sla-eng,144000,67.2
gen,sla-eng,145000,67.2
gen,sla-eng,146000,67.3
gen,sla-eng,147000,67.3
gen,sla-eng,148000,67.3
gen,sla-eng,149000,67.3
gen,sla-eng,150000,67.3
gen,sla-eng,15000,52.5
gen,sla-eng,151000,67.3
gen,sla-eng,152000,67.3
gen,sla-eng,153000,67.3
gen,sla-eng,154000,67.3
gen,sla-eng,155000,67.3
gen,sla-eng,156000,67.3
gen,sla-eng,157000,67.4
gen,sla-eng,158000,67.4
gen,sla-eng,159000,67.4
gen,sla-eng,160000,67.4
gen,sla-eng,16000,53.8
gen,sla-eng,161000,67.4
gen,sla-eng,162000,67.4
gen,sla-eng,163000,67.4
gen,sla-eng,164000,67.4
gen,sla-eng,165000,67.4
gen,sla-eng,166000,67.4
gen,sla-eng,167000,67.4
gen,sla-eng,168000,67.4
gen,sla-eng,169000,67.4
gen,sla-eng,170000,67.5
gen,sla-eng,17000,54.9
gen,sla-eng,171000,67.5
gen,sla-eng,172000,67.5
gen,sla-eng,173000,67.5
gen,sla-eng,174000,67.5
gen,sla-eng,175000,67.6
gen,sla-eng,176000,67.6
gen,sla-eng,177000,67.6
gen,sla-eng,178000,67.6
gen,sla-eng,179000,67.6
gen,sla-eng,180000,67.6
gen,sla-eng,18000,55.9
gen,sla-eng,181000,67.7
gen,sla-eng,182000,67.7
gen,sla-eng,183000,67.7
gen,sla-eng,184000,67.7
gen,sla-eng,185000,67.7
gen,sla-eng,186000,67.7
gen,sla-eng,187000,67.7
gen,sla-eng,188000,67.7
gen,sla-eng,189000,67.7
gen,sla-eng,190000,67.8
gen,sla-eng,19000,56.8
gen,sla-eng,191000,67.8
gen,sla-eng,192000,67.8
gen,sla-eng,193000,67.8
gen,sla-eng,194000,67.8
gen,sla-eng,195000,67.8
gen,sla-eng,196000,67.9
gen,sla-eng,197000,67.8
gen,sla-eng,198000,67.9
gen,sla-eng,199000,67.9
gen,sla-eng,200000,67.9
gen,sla-eng,20000,57.4
gen,sla-eng,2000,8.7
gen,sla-eng,201000,67.9
gen,sla-eng,202000,67.9
gen,sla-eng,203000,67.8
gen,sla-eng,204000,67.9
gen,sla-eng,205000,67.9
gen,sla-eng,206000,67.9
gen,sla-eng,207000,67.9
gen,sla-eng,208000,67.9
gen,sla-eng,209000,67.9
gen,sla-eng,210000,67.9
gen,sla-eng,21000,58.0
gen,sla-eng,211000,67.9
gen,sla-eng,212000,67.9
gen,sla-eng,213000,67.9
gen,sla-eng,214000,67.9
gen,sla-eng,215000,67.9
gen,sla-eng,216000,67.9
gen,sla-eng,217000,68.0
gen,sla-eng,218000,68.0
gen,sla-eng,219000,67.9
gen,sla-eng,220000,68.0
gen,sla-eng,22000,58.6
gen,sla-eng,221000,68.0
gen,sla-eng,222000,68.0
gen,sla-eng,223000,68.0
gen,sla-eng,224000,68.1
gen,sla-eng,225000,68.0
gen,sla-eng,226000,68.1
gen,sla-eng,227000,68.1
gen,sla-eng,228000,68.1
gen,sla-eng,229000,68.1
gen,sla-eng,230000,68.1
gen,sla-eng,23000,59.1
gen,sla-eng,231000,68.1
gen,sla-eng,232000,68.1
gen,sla-eng,233000,68.1
gen,sla-eng,234000,68.1
gen,sla-eng,235000,68.2
gen,sla-eng,236000,68.1
gen,sla-eng,237000,68.1
gen,sla-eng,238000,68.1
gen,sla-eng,239000,68.1
gen,sla-eng,240000,68.1
gen,sla-eng,24000,59.6
gen,sla-eng,241000,68.1
gen,sla-eng,242000,68.1
gen,sla-eng,243000,68.1
gen,sla-eng,244000,68.0
gen,sla-eng,245000,68.0
gen,sla-eng,246000,68.1
gen,sla-eng,247000,68.0
gen,sla-eng,248000,68.0
gen,sla-eng,249000,68.1
gen,sla-eng,250000,68.1
gen,sla-eng,25000,60.0
gen,sla-eng,251000,68.1
gen,sla-eng,252000,68.1
gen,sla-eng,253000,68.1
gen,sla-eng,254000,68.1
gen,sla-eng,255000,68.0
gen,sla-eng,256000,68.0
gen,sla-eng,257000,68.0
gen,sla-eng,258000,68.0
gen,sla-eng,259000,68.1
gen,sla-eng,260000,68.1
gen,sla-eng,26000,60.4
gen,sla-eng,261000,68.1
gen,sla-eng,262000,68.1
gen,sla-eng,263000,68.1
gen,sla-eng,264000,68.1
gen,sla-eng,265000,68.1
gen,sla-eng,266000,68.1
gen,sla-eng,267000,68.1
gen,sla-eng,268000,68.2
gen,sla-eng,269000,68.2
gen,sla-eng,270000,68.2
gen,sla-eng,27000,60.8
gen,sla-eng,271000,68.2
gen,sla-eng,272000,68.2
gen,sla-eng,273000,68.2
gen,sla-eng,274000,68.2
gen,sla-eng,275000,68.2
gen,sla-eng,276000,68.2
gen,sla-eng,277000,68.2
gen,sla-eng,278000,68.2
gen,sla-eng,279000,68.2
gen,sla-eng,280000,68.2
gen,sla-eng,28000,61.0
gen,sla-eng,281000,68.2
gen,sla-eng,282000,68.2
gen,sla-eng,283000,68.2
gen,sla-eng,284000,68.2
gen,sla-eng,285000,68.3
gen,sla-eng,286000,68.2
gen,sla-eng,287000,68.3
gen,sla-eng,288000,68.3
gen,sla-eng,289000,68.3
gen,sla-eng,290000,68.2
gen,sla-eng,29000,61.3
gen,sla-eng,291000,68.3
gen,sla-eng,292000,68.3
gen,sla-eng,293000,68.3
gen,sla-eng,294000,68.3
gen,sla-eng,295000,68.3
gen,sla-eng,296000,68.3
gen,sla-eng,297000,68.3
gen,sla-eng,298000,68.3
gen,sla-eng,299000,68.3
gen,sla-eng,300000,68.3
gen,sla-eng,30000,61.6
gen,sla-eng,3000,10.9
gen,sla-eng,301000,68.3
gen,sla-eng,302000,68.3
gen,sla-eng,303000,68.3
gen,sla-eng,304000,68.3
gen,sla-eng,305000,68.3
gen,sla-eng,306000,68.3
gen,sla-eng,307000,68.3
gen,sla-eng,308000,68.3
gen,sla-eng,309000,68.3
gen,sla-eng,310000,68.3
gen,sla-eng,31000,61.9
gen,sla-eng,311000,68.3
gen,sla-eng,312000,68.3
gen,sla-eng,313000,68.3
gen,sla-eng,314000,68.2
gen,sla-eng,315000,68.2
gen,sla-eng,316000,68.2
gen,sla-eng,317000,68.2
gen,sla-eng,318000,68.2
gen,sla-eng,319000,68.3
gen,sla-eng,320000,68.2
gen,sla-eng,32000,62.1
gen,sla-eng,321000,68.2
gen,sla-eng,322000,68.2
gen,sla-eng,323000,68.2
gen,sla-eng,324000,68.1
gen,sla-eng,325000,68.1
gen,sla-eng,326000,68.1
gen,sla-eng,327000,68.1
gen,sla-eng,328000,68.1
gen,sla-eng,329000,68.1
gen,sla-eng,330000,68.1
gen,sla-eng,33000,62.3
gen,sla-eng,331000,68.1
gen,sla-eng,332000,68.1
gen,sla-eng,333000,68.0
gen,sla-eng,334000,68.0
gen,sla-eng,335000,68.0
gen,sla-eng,336000,68.0
gen,sla-eng,337000,68.0
gen,sla-eng,338000,68.0
gen,sla-eng,339000,68.0
gen,sla-eng,340000,68.0
gen,sla-eng,34000,62.5
gen,sla-eng,341000,68.0
gen,sla-eng,342000,68.0
gen,sla-eng,343000,68.0
gen,sla-eng,344000,68.0
gen,sla-eng,345000,68.1
gen,sla-eng,346000,68.1
gen,sla-eng,347000,68.1
gen,sla-eng,348000,68.2
gen,sla-eng,349000,68.2
gen,sla-eng,350000,68.2
gen,sla-eng,35000,62.6
gen,sla-eng,351000,68.3
gen,sla-eng,352000,68.3
gen,sla-eng,353000,68.3
gen,sla-eng,354000,68.3
gen,sla-eng,355000,68.3
gen,sla-eng,356000,68.4
gen,sla-eng,357000,68.4
gen,sla-eng,358000,68.4
gen,sla-eng,359000,68.4
gen,sla-eng,360000,68.4
gen,sla-eng,36000,62.8
gen,sla-eng,361000,68.4
gen,sla-eng,362000,68.4
gen,sla-eng,363000,68.4
gen,sla-eng,364000,68.4
gen,sla-eng,365000,68.4
gen,sla-eng,366000,68.4
gen,sla-eng,367000,68.4
gen,sla-eng,368000,68.4
gen,sla-eng,369000,68.4
gen,sla-eng,370000,68.4
gen,sla-eng,37000,63.0
gen,sla-eng,371000,68.4
gen,sla-eng,372000,68.4
gen,sla-eng,373000,68.4
gen,sla-eng,374000,68.4
gen,sla-eng,375000,68.4
gen,sla-eng,376000,68.4
gen,sla-eng,377000,68.4
gen,sla-eng,378000,68.3
gen,sla-eng,379000,68.3
gen,sla-eng,380000,68.3
gen,sla-eng,38000,63.3
gen,sla-eng,381000,68.3
gen,sla-eng,382000,68.3
gen,sla-eng,383000,68.2
gen,sla-eng,384000,68.2
gen,sla-eng,385000,68.3
gen,sla-eng,386000,68.3
gen,sla-eng,387000,68.2
gen,sla-eng,388000,68.2
gen,sla-eng,389000,68.2
gen,sla-eng,390000,68.1
gen,sla-eng,39000,63.4
gen,sla-eng,391000,68.1
gen,sla-eng,392000,68.2
gen,sla-eng,393000,68.2
gen,sla-eng,394000,68.1
gen,sla-eng,395000,68.1
gen,sla-eng,396000,68.1
gen,sla-eng,397000,68.1
gen,sla-eng,398000,68.1
gen,sla-eng,399000,68.1
gen,sla-eng,400000,68.1
gen,sla-eng,40000,63.5
gen,sla-eng,4000,12.3
gen,sla-eng,401000,68.2
gen,sla-eng,402000,68.2
gen,sla-eng,403000,68.2
gen,sla-eng,404000,68.2
gen,sla-eng,405000,68.2
gen,sla-eng,406000,68.2
gen,sla-eng,407000,68.2
gen,sla-eng,408000,68.2
gen,sla-eng,409000,68.3
gen,sla-eng,410000,68.3
gen,sla-eng,41000,63.6
gen,sla-eng,411000,68.3
gen,sla-eng,412000,68.3
gen,sla-eng,413000,68.3
gen,sla-eng,414000,68.3
gen,sla-eng,415000,68.3
gen,sla-eng,416000,68.3
gen,sla-eng,417000,68.3
gen,sla-eng,418000,68.3
gen,sla-eng,419000,68.3
gen,sla-eng,420000,68.3
gen,sla-eng,42000,63.7
gen,sla-eng,421000,68.4
gen,sla-eng,422000,68.3
gen,sla-eng,423000,68.4
gen,sla-eng,424000,68.4
gen,sla-eng,425000,68.4
gen,sla-eng,426000,68.4
gen,sla-eng,427000,68.4
gen,sla-eng,428000,68.4
gen,sla-eng,429000,68.4
gen,sla-eng,430000,68.4
gen,sla-eng,43000,63.8
gen,sla-eng,431000,68.4
gen,sla-eng,432000,68.4
gen,sla-eng,433000,68.4
gen,sla-eng,434000,68.4
gen,sla-eng,435000,68.4
gen,sla-eng,436000,68.3
gen,sla-eng,437000,68.4
gen,sla-eng,438000,68.3
gen,sla-eng,439000,68.3
gen,sla-eng,440000,68.3
gen,sla-eng,44000,63.9
gen,sla-eng,441000,68.3
gen,sla-eng,442000,68.3
gen,sla-eng,443000,68.3
gen,sla-eng,444000,68.3
gen,sla-eng,445000,68.3
gen,sla-eng,446000,68.3
gen,sla-eng,447000,68.2
gen,sla-eng,448000,68.2
gen,sla-eng,449000,68.2
gen,sla-eng,450000,68.1
gen,sla-eng,45000,64.0
gen,sla-eng,451000,68.1
gen,sla-eng,452000,68.1
gen,sla-eng,453000,68.1
gen,sla-eng,454000,68.1
gen,sla-eng,455000,68.1
gen,sla-eng,456000,68.1
gen,sla-eng,457000,68.1
gen,sla-eng,458000,68.1
gen,sla-eng,459000,68.1
gen,sla-eng,460000,68.1
gen,sla-eng,46000,64.1
gen,sla-eng,461000,68.1
gen,sla-eng,462000,68.1
gen,sla-eng,463000,68.1
gen,sla-eng,464000,68.1
gen,sla-eng,465000,68.2
gen,sla-eng,466000,68.2
gen,sla-eng,467000,68.2
gen,sla-eng,468000,68.2
gen,sla-eng,469000,68.2
gen,sla-eng,470000,68.1
gen,sla-eng,47000,64.3
gen,sla-eng,471000,68.1
gen,sla-eng,472000,68.1
gen,sla-eng,473000,68.1
gen,sla-eng,474000,68.1
gen,sla-eng,475000,68.1
gen,sla-eng,476000,68.1
gen,sla-eng,477000,68.0
gen,sla-eng,478000,68.0
gen,sla-eng,479000,68.0
gen,sla-eng,480000,67.9
gen,sla-eng,48000,64.4
gen,sla-eng,481000,67.9
gen,sla-eng,482000,67.9
gen,sla-eng,483000,67.9
gen,sla-eng,484000,67.9
gen,sla-eng,485000,67.9
gen,sla-eng,486000,67.9
gen,sla-eng,487000,67.9
gen,sla-eng,488000,67.9
gen,sla-eng,489000,68.0
gen,sla-eng,490000,68.0
gen,sla-eng,49000,64.4
gen,sla-eng,491000,68.0
gen,sla-eng,492000,68.0
gen,sla-eng,493000,68.1
gen,sla-eng,494000,68.1
gen,sla-eng,495000,68.1
gen,sla-eng,496000,68.1
gen,sla-eng,497000,68.1
gen,sla-eng,498000,68.2
gen,sla-eng,499000,68.2
gen,sla-eng,500000,68.2
gen,sla-eng,50000,64.5
gen,sla-eng,5000,13.3
gen,sla-eng,501000,68.2
gen,sla-eng,502000,68.3
gen,sla-eng,503000,68.3
gen,sla-eng,504000,68.3
gen,sla-eng,505000,68.3
gen,sla-eng,506000,68.3
gen,sla-eng,507000,68.3
gen,sla-eng,508000,68.3
gen,sla-eng,509000,68.4
gen,sla-eng,510000,68.3
gen,sla-eng,51000,64.6
gen,sla-eng,511000,68.4
gen,sla-eng,512000,68.4
gen,sla-eng,513000,68.4
gen,sla-eng,514000,68.4
gen,sla-eng,515000,68.4
gen,sla-eng,516000,68.4
gen,sla-eng,517000,68.4
gen,sla-eng,518000,68.4
gen,sla-eng,519000,68.4
gen,sla-eng,520000,68.4
gen,sla-eng,52000,64.7
gen,sla-eng,521000,68.4
gen,sla-eng,522000,68.4
gen,sla-eng,523000,68.4
gen,sla-eng,524000,68.4
gen,sla-eng,525000,68.4
gen,sla-eng,526000,68.4
gen,sla-eng,527000,68.4
gen,sla-eng,528000,68.4
gen,sla-eng,529000,68.4
gen,sla-eng,530000,68.4
gen,sla-eng,53000,64.7
gen,sla-eng,531000,68.4
gen,sla-eng,532000,68.3
gen,sla-eng,533000,68.4
gen,sla-eng,534000,68.4
gen,sla-eng,535000,68.4
gen,sla-eng,536000,68.4
gen,sla-eng,537000,68.4
gen,sla-eng,538000,68.4
gen,sla-eng,539000,68.4
gen,sla-eng,540000,68.4
gen,sla-eng,54000,64.8
gen,sla-eng,541000,68.4
gen,sla-eng,542000,68.4
gen,sla-eng,543000,68.4
gen,sla-eng,544000,68.3
gen,sla-eng,545000,68.4
gen,sla-eng,546000,68.3
gen,sla-eng,547000,68.3
gen,sla-eng,548000,68.3
gen,sla-eng,549000,68.3
gen,sla-eng,550000,68.4
gen,sla-eng,55000,64.9
gen,sla-eng,551000,68.3
gen,sla-eng,552000,68.3
gen,sla-eng,553000,68.3
gen,sla-eng,554000,68.3
gen,sla-eng,555000,68.3
gen,sla-eng,556000,68.2
gen,sla-eng,557000,68.2
gen,sla-eng,558000,68.2
gen,sla-eng,559000,68.2
gen,sla-eng,560000,68.1
gen,sla-eng,56000,65.0
gen,sla-eng,561000,68.2
gen,sla-eng,562000,68.1
gen,sla-eng,563000,68.1
gen,sla-eng,564000,68.1
gen,sla-eng,565000,68.1
gen,sla-eng,566000,68.0
gen,sla-eng,567000,68.0
gen,sla-eng,568000,68.0
gen,sla-eng,569000,68.0
gen,sla-eng,570000,68.0
gen,sla-eng,57000,65.1
gen,sla-eng,571000,68.0
gen,sla-eng,572000,68.0
gen,sla-eng,573000,68.0
gen,sla-eng,574000,68.0
gen,sla-eng,575000,68.0
gen,sla-eng,576000,68.0
gen,sla-eng,577000,68.0
gen,sla-eng,578000,68.0
gen,sla-eng,579000,68.0
gen,sla-eng,580000,68.1
gen,sla-eng,58000,65.1
gen,sla-eng,581000,68.1
gen,sla-eng,582000,68.1
gen,sla-eng,583000,68.1
gen,sla-eng,584000,68.1
gen,sla-eng,585000,68.1
gen,sla-eng,586000,68.1
gen,sla-eng,587000,68.1
gen,sla-eng,588000,68.2
gen,sla-eng,589000,68.2
gen,sla-eng,590000,68.2
gen,sla-eng,59000,65.2
gen,sla-eng,591000,68.2
gen,sla-eng,592000,68.2
gen,sla-eng,593000,68.2
gen,sla-eng,594000,68.3
gen,sla-eng,595000,68.2
gen,sla-eng,596000,68.2
gen,sla-eng,597000,68.3
gen,sla-eng,598000,68.3
gen,sla-eng,599000,68.3
gen,sla-eng,600000,68.3
gen,sla-eng,60000,65.2
gen,sla-eng,6000,15.5
gen,sla-eng,601000,68.4
gen,sla-eng,602000,68.3
gen,sla-eng,603000,68.3
gen,sla-eng,604000,68.3
gen,sla-eng,605000,68.3
gen,sla-eng,606000,68.3
gen,sla-eng,607000,68.3
gen,sla-eng,608000,68.3
gen,sla-eng,609000,68.3
gen,sla-eng,610000,68.3
gen,sla-eng,61000,65.2
gen,sla-eng,611000,68.3
gen,sla-eng,612000,68.3
gen,sla-eng,613000,68.3
gen,sla-eng,614000,68.4
gen,sla-eng,615000,68.4
gen,sla-eng,616000,68.4
gen,sla-eng,617000,68.4
gen,sla-eng,618000,68.4
gen,sla-eng,619000,68.4
gen,sla-eng,620000,68.4
gen,sla-eng,62000,65.3
gen,sla-eng,621000,68.4
gen,sla-eng,622000,68.5
gen,sla-eng,623000,68.4
gen,sla-eng,624000,68.4
gen,sla-eng,625000,68.4
gen,sla-eng,626000,68.4
gen,sla-eng,627000,68.5
gen,sla-eng,628000,68.5
gen,sla-eng,629000,68.5
gen,sla-eng,630000,68.5
gen,sla-eng,63000,65.3
gen,sla-eng,631000,68.5
gen,sla-eng,632000,68.4
gen,sla-eng,633000,68.4
gen,sla-eng,634000,68.4
gen,sla-eng,635000,68.4
gen,sla-eng,636000,68.4
gen,sla-eng,637000,68.4
gen,sla-eng,638000,68.3
gen,sla-eng,639000,68.3
gen,sla-eng,64000,65.3
gen,sla-eng,65000,65.4
gen,sla-eng,66000,65.4
gen,sla-eng,67000,65.5
gen,sla-eng,68000,65.5
gen,sla-eng,69000,65.5
gen,sla-eng,70000,65.5
gen,sla-eng,7000,18.4
gen,sla-eng,71000,65.6
gen,sla-eng,72000,65.6
gen,sla-eng,73000,65.7
gen,sla-eng,74000,65.7
gen,sla-eng,75000,65.7
gen,sla-eng,76000,65.7
gen,sla-eng,77000,65.7
gen,sla-eng,78000,65.8
gen,sla-eng,79000,65.8
gen,sla-eng,80000,65.8
gen,sla-eng,8000,23.8
gen,sla-eng,81000,65.9
gen,sla-eng,82000,65.9
gen,sla-eng,83000,65.9
gen,sla-eng,84000,65.9
gen,sla-eng,85000,66.0
gen,sla-eng,86000,66.0
gen,sla-eng,87000,66.0
gen,sla-eng,88000,66.1
gen,sla-eng,89000,66.1
gen,sla-eng,90000,66.2
gen,sla-eng,9000,32.5
gen,sla-eng,91000,66.2
gen,sla-eng,92000,66.2
gen,sla-eng,93000,66.2
gen,sla-eng,94000,66.2
gen,sla-eng,95000,66.2
gen,sla-eng,96000,66.3
gen,sla-eng,97000,66.3
gen,sla-eng,98000,66.3
gen,sla-eng,99000,66.4
